gauge_log1p,fixed_readout_log1p,pair_count
0.0368906965045903,0.0368906965045903,1926577
0.0368906965045903,0.1106720895137709,1337457
0.0368906965045903,0.1844534825229515,863823
0.0368906965045903,0.2582348755321322,592660
0.0368906965045903,0.3320162685413128,417319
0.0368906965045903,0.4057976615504934,295405
0.0368906965045903,0.4795790545596741,211125
0.0368906965045903,0.5533604475688547,151647
0.0368906965045903,0.6271418405780353,109529
0.0368906965045903,0.700923233587216,79873
0.0368906965045903,0.7747046265963966,59484
0.0368906965045903,0.8484860196055772,44355
0.0368906965045903,0.922267412614758,34091
0.0368906965045903,0.9960488056239384,26414
0.0368906965045903,1.069830198633119,20591
0.0368906965045903,1.1436115916423,16216
0.0368906965045903,1.21739298465148,12975
0.0368906965045903,1.291174377660661,10624
0.0368906965045903,1.364955770669842,8779
0.0368906965045903,1.438737163679022,7391
0.0368906965045903,1.512518556688203,6038
0.0368906965045903,1.586299949697384,5077
0.0368906965045903,1.660081342706564,4136
0.0368906965045903,1.733862735715745,3548
0.0368906965045903,1.807644128724925,2804
0.0368906965045903,1.881425521734106,2461
0.0368906965045903,1.955206914743287,1953
0.0368906965045903,2.028988307752467,1593
0.0368906965045903,2.102769700761648,1327
0.0368906965045903,2.176551093770828,1166
0.0368906965045903,2.250332486780009,896
0.0368906965045903,2.32411387978919,807
0.0368906965045903,2.397895272798371,660
0.0368906965045903,2.471676665807551,505
0.0368906965045903,2.545458058816732,451
0.0368906965045903,2.619239451825912,361
0.0368906965045903,2.693020844835093,279
0.0368906965045903,2.766802237844273,231
0.0368906965045903,2.840583630853454,230
0.0368906965045903,2.914365023862634,158
0.0368906965045903,2.988146416871816,114
0.0368906965045903,3.061927809880996,97
0.0368906965045903,3.135709202890177,81
0.0368906965045903,3.209490595899357,60
0.0368906965045903,3.283271988908538,42
0.0368906965045903,3.357053381917718,39
0.0368906965045903,3.430834774926899,32
0.0368906965045903,3.50461616793608,13
0.0368906965045903,3.578397560945261,15
0.0368906965045903,3.652178953954441,8
0.0368906965045903,3.725960346963622,5
0.0368906965045903,3.799741739972802,5
0.0368906965045903,3.873523132981983,3
0.0368906965045903,3.947304525991163,1
0.0368906965045903,4.021085919000344,5
0.1106720895137709,0.0368906965045903,69362
0.1106720895137709,0.1106720895137709,20859
0.1106720895137709,0.1844534825229515,18024
0.1106720895137709,0.2582348755321322,14955
0.1106720895137709,0.3320162685413128,11830
0.1106720895137709,0.4057976615504934,8867
0.1106720895137709,0.4795790545596741,6206
0.1106720895137709,0.5533604475688547,4370
0.1106720895137709,0.6271418405780353,2974
0.1106720895137709,0.700923233587216,1939
0.1106720895137709,0.7747046265963966,1423
0.1106720895137709,0.8484860196055772,886
0.1106720895137709,0.922267412614758,640
0.1106720895137709,0.9960488056239384,485
0.1106720895137709,1.069830198633119,351
0.1106720895137709,1.1436115916423,248
0.1106720895137709,1.21739298465148,229
0.1106720895137709,1.291174377660661,172
0.1106720895137709,1.364955770669842,127
0.1106720895137709,1.438737163679022,83
0.1106720895137709,1.512518556688203,78
0.1106720895137709,1.586299949697384,61
0.1106720895137709,1.660081342706564,68
0.1106720895137709,1.733862735715745,32
0.1106720895137709,1.807644128724925,30
0.1106720895137709,1.881425521734106,36
0.1106720895137709,1.955206914743287,13
0.1106720895137709,2.028988307752467,15
0.1106720895137709,2.102769700761648,13
0.1106720895137709,2.176551093770828,12
0.1106720895137709,2.250332486780009,10
0.1106720895137709,2.32411387978919,7
0.1106720895137709,2.397895272798371,9
0.1106720895137709,2.471676665807551,2
0.1106720895137709,2.545458058816732,5
0.1106720895137709,2.619239451825912,3
0.1106720895137709,2.766802237844273,3
0.1106720895137709,2.840583630853454,2
0.1106720895137709,2.914365023862634,2
0.1106720895137709,3.209490595899357,1
0.1844534825229515,0.0368906965045903,33245
0.1844534825229515,0.1106720895137709,12782
0.1844534825229515,0.1844534825229515,11871
0.1844534825229515,0.2582348755321322,10907
0.1844534825229515,0.3320162685413128,9965
0.1844534825229515,0.4057976615504934,8225
0.1844534825229515,0.4795790545596741,6401
0.1844534825229515,0.5533604475688547,4847
0.1844534825229515,0.6271418405780353,3363
0.1844534825229515,0.700923233587216,2393
0.1844534825229515,0.7747046265963966,1698
0.1844534825229515,0.8484860196055772,1211
0.1844534825229515,0.922267412614758,841
0.1844534825229515,0.9960488056239384,651
0.1844534825229515,1.069830198633119,415
0.1844534825229515,1.1436115916423,309
0.1844534825229515,1.21739298465148,197
0.1844534825229515,1.291174377660661,185
0.1844534825229515,1.364955770669842,131
0.1844534825229515,1.438737163679022,111
0.1844534825229515,1.512518556688203,94
0.1844534825229515,1.586299949697384,69
0.1844534825229515,1.660081342706564,58
0.1844534825229515,1.733862735715745,56
0.1844534825229515,1.807644128724925,35
0.1844534825229515,1.881425521734106,24
0.1844534825229515,1.955206914743287,18
0.1844534825229515,2.028988307752467,11
0.1844534825229515,2.102769700761648,10
0.1844534825229515,2.176551093770828,18
0.1844534825229515,2.250332486780009,14
0.1844534825229515,2.32411387978919,15
0.1844534825229515,2.397895272798371,7
0.1844534825229515,2.471676665807551,3
0.1844534825229515,2.545458058816732,3
0.1844534825229515,2.619239451825912,5
0.1844534825229515,2.693020844835093,1
0.1844534825229515,2.766802237844273,2
0.1844534825229515,2.914365023862634,1
0.1844534825229515,2.988146416871816,2
0.1844534825229515,3.061927809880996,1
0.1844534825229515,3.209490595899357,1
0.2582348755321322,0.0368906965045903,19411
0.2582348755321322,0.1106720895137709,7979
0.2582348755321322,0.1844534825229515,7914
0.2582348755321322,0.2582348755321322,7699
0.2582348755321322,0.3320162685413128,7466
0.2582348755321322,0.4057976615504934,6787
0.2582348755321322,0.4795790545596741,5686
0.2582348755321322,0.5533604475688547,4633
0.2582348755321322,0.6271418405780353,3566
0.2582348755321322,0.700923233587216,2584
0.2582348755321322,0.7747046265963966,1829
0.2582348755321322,0.8484860196055772,1356
0.2582348755321322,0.922267412614758,883
0.2582348755321322,0.9960488056239384,670
0.2582348755321322,1.069830198633119,459
0.2582348755321322,1.1436115916423,348
0.2582348755321322,1.21739298465148,267
0.2582348755321322,1.291174377660661,193
0.2582348755321322,1.364955770669842,141
0.2582348755321322,1.438737163679022,113
0.2582348755321322,1.512518556688203,99
0.2582348755321322,1.586299949697384,73
0.2582348755321322,1.660081342706564,49
0.2582348755321322,1.733862735715745,48
0.2582348755321322,1.807644128724925,34
0.2582348755321322,1.881425521734106,30
0.2582348755321322,1.955206914743287,26
0.2582348755321322,2.028988307752467,15
0.2582348755321322,2.102769700761648,13
0.2582348755321322,2.176551093770828,10
0.2582348755321322,2.250332486780009,7
0.2582348755321322,2.32411387978919,7
0.2582348755321322,2.397895272798371,7
0.2582348755321322,2.471676665807551,4
0.2582348755321322,2.545458058816732,4
0.2582348755321322,2.619239451825912,4
0.2582348755321322,2.766802237844273,3
0.2582348755321322,2.840583630853454,2
0.2582348755321322,2.914365023862634,4
0.2582348755321322,2.988146416871816,1
0.2582348755321322,3.652178953954441,1
0.3320162685413128,0.0368906965045903,12265
0.3320162685413128,0.1106720895137709,5698
0.3320162685413128,0.1844534825229515,5497
0.3320162685413128,0.2582348755321322,5668
0.3320162685413128,0.3320162685413128,5736
0.3320162685413128,0.4057976615504934,5374
0.3320162685413128,0.4795790545596741,4922
0.3320162685413128,0.5533604475688547,4286
0.3320162685413128,0.6271418405780353,3337
0.3320162685413128,0.700923233587216,2545
0.3320162685413128,0.7747046265963966,1945
0.3320162685413128,0.8484860196055772,1475
0.3320162685413128,0.922267412614758,1029
0.3320162685413128,0.9960488056239384,660
0.3320162685413128,1.069830198633119,490
0.3320162685413128,1.1436115916423,372
0.3320162685413128,1.21739298465148,255
0.3320162685413128,1.291174377660661,185
0.3320162685413128,1.364955770669842,157
0.3320162685413128,1.438737163679022,116
0.3320162685413128,1.512518556688203,70
0.3320162685413128,1.586299949697384,79
0.3320162685413128,1.660081342706564,55
0.3320162685413128,1.733862735715745,55
0.3320162685413128,1.807644128724925,45
0.3320162685413128,1.881425521734106,36
0.3320162685413128,1.955206914743287,31
0.3320162685413128,2.028988307752467,17
0.3320162685413128,2.102769700761648,24
0.3320162685413128,2.176551093770828,11
0.3320162685413128,2.250332486780009,15
0.3320162685413128,2.32411387978919,5
0.3320162685413128,2.471676665807551,3
0.3320162685413128,2.545458058816732,1
0.3320162685413128,2.914365023862634,1
0.3320162685413128,3.135709202890177,1
0.4057976615504934,0.0368906965045903,517542
0.4057976615504934,0.1106720895137709,182025
0.4057976615504934,0.1844534825229515,174603
0.4057976615504934,0.2582348755321322,164842
0.4057976615504934,0.3320162685413128,154757
0.4057976615504934,0.4057976615504934,144086
0.4057976615504934,0.4795790545596741,129954
0.4057976615504934,0.5533604475688547,113145
0.4057976615504934,0.6271418405780353,94781
0.4057976615504934,0.700923233587216,76623
0.4057976615504934,0.7747046265963966,60131
0.4057976615504934,0.8484860196055772,45555
0.4057976615504934,0.922267412614758,34418
0.4057976615504934,0.9960488056239384,25467
0.4057976615504934,1.069830198633119,19153
0.4057976615504934,1.1436115916423,14159
0.4057976615504934,1.21739298465148,10272
0.4057976615504934,1.291174377660661,7773
0.4057976615504934,1.364955770669842,5996
0.4057976615504934,1.438737163679022,4545
0.4057976615504934,1.512518556688203,3707
0.4057976615504934,1.586299949697384,2912
0.4057976615504934,1.660081342706564,2306
0.4057976615504934,1.733862735715745,1955
0.4057976615504934,1.807644128724925,1472
0.4057976615504934,1.881425521734106,1236
0.4057976615504934,1.955206914743287,1065
0.4057976615504934,2.028988307752467,774
0.4057976615504934,2.102769700761648,605
0.4057976615504934,2.176551093770828,471
0.4057976615504934,2.250332486780009,385
0.4057976615504934,2.32411387978919,251
0.4057976615504934,2.397895272798371,198
0.4057976615504934,2.471676665807551,169
0.4057976615504934,2.545458058816732,147
0.4057976615504934,2.619239451825912,98
0.4057976615504934,2.693020844835093,104
0.4057976615504934,2.766802237844273,87
0.4057976615504934,2.840583630853454,42
0.4057976615504934,2.914365023862634,41
0.4057976615504934,2.988146416871816,36
0.4057976615504934,3.061927809880996,26
0.4057976615504934,3.135709202890177,12
0.4057976615504934,3.209490595899357,17
0.4057976615504934,3.283271988908538,16
0.4057976615504934,3.357053381917718,12
0.4057976615504934,3.430834774926899,4
0.4057976615504934,3.50461616793608,6
0.4057976615504934,3.578397560945261,4
0.4057976615504934,3.652178953954441,4
0.4057976615504934,3.725960346963622,3
0.4057976615504934,3.799741739972802,1
0.4057976615504934,3.873523132981983,2
0.4057976615504934,3.947304525991163,1
0.4057976615504934,4.021085919000344,1
0.4795790545596741,0.0368906965045903,6243
0.4795790545596741,0.1106720895137709,3369
0.4795790545596741,0.1844534825229515,3624
0.4795790545596741,0.2582348755321322,3626
0.4795790545596741,0.3320162685413128,3593
0.4795790545596741,0.4057976615504934,3590
0.4795790545596741,0.4795790545596741,3518
0.4795790545596741,0.5533604475688547,3411
0.4795790545596741,0.6271418405780353,3087
0.4795790545596741,0.700923233587216,2564
0.4795790545596741,0.7747046265963966,2137
0.4795790545596741,0.8484860196055772,1595
0.4795790545596741,0.922267412614758,1091
0.4795790545596741,0.9960488056239384,849
0.4795790545596741,1.069830198633119,607
0.4795790545596741,1.1436115916423,451
0.4795790545596741,1.21739298465148,303
0.4795790545596741,1.291174377660661,229
0.4795790545596741,1.364955770669842,168
0.4795790545596741,1.438737163679022,97
0.4795790545596741,1.512518556688203,95
0.4795790545596741,1.586299949697384,76
0.4795790545596741,1.660081342706564,54
0.4795790545596741,1.733862735715745,54
0.4795790545596741,1.807644128724925,33
0.4795790545596741,1.881425521734106,26
0.4795790545596741,1.955206914743287,25
0.4795790545596741,2.028988307752467,21
0.4795790545596741,2.102769700761648,17
0.4795790545596741,2.176551093770828,10
0.4795790545596741,2.250332486780009,13
0.4795790545596741,2.32411387978919,4
0.4795790545596741,2.397895272798371,6
0.4795790545596741,2.471676665807551,2
0.4795790545596741,2.545458058816732,3
0.4795790545596741,2.619239451825912,4
0.4795790545596741,2.693020844835093,4
0.4795790545596741,2.766802237844273,3
0.4795790545596741,2.840583630853454,1
0.4795790545596741,2.988146416871816,1
0.4795790545596741,3.061927809880996,2
0.5533604475688547,0.0368906965045903,7987
0.5533604475688547,0.1106720895137709,4864
0.5533604475688547,0.1844534825229515,5293
0.5533604475688547,0.2582348755321322,5423
0.5533604475688547,0.3320162685413128,5556
0.5533604475688547,0.4057976615504934,5585
0.5533604475688547,0.4795790545596741,5662
0.5533604475688547,0.5533604475688547,5623
0.5533604475688547,0.6271418405780353,5306
0.5533604475688547,0.700923233587216,4700
0.5533604475688547,0.7747046265963966,3903
0.5533604475688547,0.8484860196055772,3174
0.5533604475688547,0.922267412614758,2520
0.5533604475688547,0.9960488056239384,1833
0.5533604475688547,1.069830198633119,1285
0.5533604475688547,1.1436115916423,916
0.5533604475688547,1.21739298465148,724
0.5533604475688547,1.291174377660661,508
0.5533604475688547,1.364955770669842,378
0.5533604475688547,1.438737163679022,278
0.5533604475688547,1.512518556688203,207
0.5533604475688547,1.586299949697384,166
0.5533604475688547,1.660081342706564,129
0.5533604475688547,1.733862735715745,109
0.5533604475688547,1.807644128724925,53
0.5533604475688547,1.881425521734106,51
0.5533604475688547,1.955206914743287,46
0.5533604475688547,2.028988307752467,44
0.5533604475688547,2.102769700761648,38
0.5533604475688547,2.176551093770828,19
0.5533604475688547,2.250332486780009,7
0.5533604475688547,2.32411387978919,8
0.5533604475688547,2.397895272798371,17
0.5533604475688547,2.471676665807551,7
0.5533604475688547,2.545458058816732,3
0.5533604475688547,2.619239451825912,6
0.5533604475688547,2.693020844835093,9
0.5533604475688547,2.766802237844273,2
0.5533604475688547,2.840583630853454,2
0.5533604475688547,2.914365023862634,3
0.5533604475688547,3.209490595899357,1
0.5533604475688547,3.578397560945261,1
0.6271418405780353,0.0368906965045903,2601
0.6271418405780353,0.1106720895137709,1675
0.6271418405780353,0.1844534825229515,1961
0.6271418405780353,0.2582348755321322,2081
0.6271418405780353,0.3320162685413128,2172
0.6271418405780353,0.4057976615504934,2228
0.6271418405780353,0.4795790545596741,2201
0.6271418405780353,0.5533604475688547,2286
0.6271418405780353,0.6271418405780353,2234
0.6271418405780353,0.700923233587216,2145
0.6271418405780353,0.7747046265963966,1890
0.6271418405780353,0.8484860196055772,1570
0.6271418405780353,0.922267412614758,1326
0.6271418405780353,0.9960488056239384,1001
0.6271418405780353,1.069830198633119,748
0.6271418405780353,1.1436115916423,562
0.6271418405780353,1.21739298465148,429
0.6271418405780353,1.291174377660661,292
0.6271418405780353,1.364955770669842,205
0.6271418405780353,1.438737163679022,148
0.6271418405780353,1.512518556688203,130
0.6271418405780353,1.586299949697384,105
0.6271418405780353,1.660081342706564,76
0.6271418405780353,1.733862735715745,67
0.6271418405780353,1.807644128724925,29
0.6271418405780353,1.881425521734106,31
0.6271418405780353,1.955206914743287,22
0.6271418405780353,2.028988307752467,21
0.6271418405780353,2.102769700761648,8
0.6271418405780353,2.176551093770828,11
0.6271418405780353,2.250332486780009,8
0.6271418405780353,2.32411387978919,8
0.6271418405780353,2.397895272798371,5
0.6271418405780353,2.471676665807551,2
0.6271418405780353,2.545458058816732,3
0.6271418405780353,2.693020844835093,1
0.6271418405780353,2.766802237844273,1
0.6271418405780353,2.840583630853454,2
0.6271418405780353,2.988146416871816,2
0.6271418405780353,3.135709202890177,1
0.6271418405780353,3.209490595899357,1
0.6271418405780353,3.652178953954441,1
0.700923233587216,0.0368906965045903,83075
0.700923233587216,0.1106720895137709,43011
0.700923233587216,0.1844534825229515,52003
0.700923233587216,0.2582348755321322,56312
0.700923233587216,0.3320162685413128,58164
0.700923233587216,0.4057976615504934,59109
0.700923233587216,0.4795790545596741,60215
0.700923233587216,0.5533604475688547,61353
0.700923233587216,0.6271418405780353,62173
0.700923233587216,0.700923233587216,60066
0.700923233587216,0.7747046265963966,55091
0.700923233587216,0.8484860196055772,48384
0.700923233587216,0.922267412614758,40291
0.700923233587216,0.9960488056239384,32948
0.700923233587216,1.069830198633119,25107
0.700923233587216,1.1436115916423,19076
0.700923233587216,1.21739298465148,14508
0.700923233587216,1.291174377660661,10733
0.700923233587216,1.364955770669842,8050
0.700923233587216,1.438737163679022,6069
0.700923233587216,1.512518556688203,4461
0.700923233587216,1.586299949697384,3422
0.700923233587216,1.660081342706564,2615
0.700923233587216,1.733862735715745,2072
0.700923233587216,1.807644128724925,1706
0.700923233587216,1.881425521734106,1330
0.700923233587216,1.955206914743287,1179
0.700923233587216,2.028988307752467,899
0.700923233587216,2.102769700761648,684
0.700923233587216,2.176551093770828,531
0.700923233587216,2.250332486780009,384
0.700923233587216,2.32411387978919,306
0.700923233587216,2.397895272798371,215
0.700923233587216,2.471676665807551,152
0.700923233587216,2.545458058816732,121
0.700923233587216,2.619239451825912,94
0.700923233587216,2.693020844835093,79
0.700923233587216,2.766802237844273,60
0.700923233587216,2.840583630853454,37
0.700923233587216,2.914365023862634,32
0.700923233587216,2.988146416871816,41
0.700923233587216,3.061927809880996,17
0.700923233587216,3.135709202890177,12
0.700923233587216,3.209490595899357,6
0.700923233587216,3.283271988908538,4
0.700923233587216,3.357053381917718,4
0.700923233587216,3.430834774926899,4
0.700923233587216,3.50461616793608,3
0.700923233587216,3.578397560945261,1
0.700923233587216,3.652178953954441,4
0.700923233587216,3.725960346963622,1
0.700923233587216,3.873523132981983,2
0.700923233587216,4.242430098027887,5
0.7747046265963966,0.0368906965045903,2794
0.7747046265963966,0.1106720895137709,1936
0.7747046265963966,0.1844534825229515,2550
0.7747046265963966,0.2582348755321322,2983
0.7747046265963966,0.3320162685413128,3153
0.7747046265963966,0.4057976615504934,3202
0.7747046265963966,0.4795790545596741,3303
0.7747046265963966,0.5533604475688547,3381
0.7747046265963966,0.6271418405780353,3493
0.7747046265963966,0.700923233587216,3505
0.7747046265963966,0.7747046265963966,3322
0.7747046265963966,0.8484860196055772,3036
0.7747046265963966,0.922267412614758,2547
0.7747046265963966,0.9960488056239384,2127
0.7747046265963966,1.069830198633119,1675
0.7747046265963966,1.1436115916423,1340
0.7747046265963966,1.21739298465148,979
0.7747046265963966,1.291174377660661,744
0.7747046265963966,1.364955770669842,475
0.7747046265963966,1.438737163679022,372
0.7747046265963966,1.512518556688203,247
0.7747046265963966,1.586299949697384,228
0.7747046265963966,1.660081342706564,161
0.7747046265963966,1.733862735715745,117
0.7747046265963966,1.807644128724925,105
0.7747046265963966,1.881425521734106,75
0.7747046265963966,1.955206914743287,65
0.7747046265963966,2.028988307752467,54
0.7747046265963966,2.102769700761648,37
0.7747046265963966,2.176551093770828,36
0.7747046265963966,2.250332486780009,22
0.7747046265963966,2.32411387978919,15
0.7747046265963966,2.397895272798371,13
0.7747046265963966,2.471676665807551,10
0.7747046265963966,2.545458058816732,4
0.7747046265963966,2.619239451825912,4
0.7747046265963966,2.693020844835093,6
0.7747046265963966,2.766802237844273,1
0.7747046265963966,2.840583630853454,1
0.7747046265963966,2.914365023862634,3
0.7747046265963966,2.988146416871816,4
0.7747046265963966,3.061927809880996,1
0.7747046265963966,3.135709202890177,3
0.7747046265963966,3.209490595899357,1
0.7747046265963966,3.578397560945261,2
0.7747046265963966,3.652178953954441,2
0.7747046265963966,3.725960346963622,3
0.8484860196055772,0.0368906965045903,1767
0.8484860196055772,0.1106720895137709,1202
0.8484860196055772,0.1844534825229515,1826
0.8484860196055772,0.2582348755321322,2157
0.8484860196055772,0.3320162685413128,2406
0.8484860196055772,0.4057976615504934,2531
0.8484860196055772,0.4795790545596741,2552
0.8484860196055772,0.5533604475688547,2598
0.8484860196055772,0.6271418405780353,2674
0.8484860196055772,0.700923233587216,2850
0.8484860196055772,0.7747046265963966,2897
0.8484860196055772,0.8484860196055772,2755
0.8484860196055772,0.922267412614758,2535
0.8484860196055772,0.9960488056239384,2193
0.8484860196055772,1.069830198633119,1865
0.8484860196055772,1.1436115916423,1436
0.8484860196055772,1.21739298465148,1047
0.8484860196055772,1.291174377660661,812
0.8484860196055772,1.364955770669842,618
0.8484860196055772,1.438737163679022,384
0.8484860196055772,1.512518556688203,280
0.8484860196055772,1.586299949697384,189
0.8484860196055772,1.660081342706564,207
0.8484860196055772,1.733862735715745,120
0.8484860196055772,1.807644128724925,86
0.8484860196055772,1.881425521734106,57
0.8484860196055772,1.955206914743287,61
0.8484860196055772,2.028988307752467,53
0.8484860196055772,2.102769700761648,47
0.8484860196055772,2.176551093770828,29
0.8484860196055772,2.250332486780009,20
0.8484860196055772,2.32411387978919,10
0.8484860196055772,2.397895272798371,13
0.8484860196055772,2.471676665807551,10
0.8484860196055772,2.545458058816732,1
0.8484860196055772,2.619239451825912,5
0.8484860196055772,2.693020844835093,6
0.8484860196055772,2.766802237844273,5
0.8484860196055772,2.840583630853454,8
0.8484860196055772,2.914365023862634,3
0.8484860196055772,2.988146416871816,2
0.8484860196055772,3.135709202890177,1
0.8484860196055772,3.357053381917718,1
0.922267412614758,0.0368906965045903,30704
0.922267412614758,0.1106720895137709,15802
0.922267412614758,0.1844534825229515,21542
0.922267412614758,0.2582348755321322,26703
0.922267412614758,0.3320162685413128,30331
0.922267412614758,0.4057976615504934,32333
0.922267412614758,0.4795790545596741,33362
0.922267412614758,0.5533604475688547,34712
0.922267412614758,0.6271418405780353,36484
0.922267412614758,0.700923233587216,37883
0.922267412614758,0.7747046265963966,38704
0.922267412614758,0.8484860196055772,38753
0.922267412614758,0.922267412614758,36573
0.922267412614758,0.9960488056239384,33384
0.922267412614758,1.069830198633119,28806
0.922267412614758,1.1436115916423,23944
0.922267412614758,1.21739298465148,19031
0.922267412614758,1.291174377660661,14471
0.922267412614758,1.364955770669842,11115
0.922267412614758,1.438737163679022,8360
0.922267412614758,1.512518556688203,6162
0.922267412614758,1.586299949697384,4476
0.922267412614758,1.660081342706564,3295
0.922267412614758,1.733862735715745,2655
0.922267412614758,1.807644128724925,1970
0.922267412614758,1.881425521734106,1492
0.922267412614758,1.955206914743287,1291
0.922267412614758,2.028988307752467,971
0.922267412614758,2.102769700761648,783
0.922267412614758,2.176551093770828,645
0.922267412614758,2.250332486780009,475
0.922267412614758,2.32411387978919,346
0.922267412614758,2.397895272798371,250
0.922267412614758,2.471676665807551,193
0.922267412614758,2.545458058816732,126
0.922267412614758,2.619239451825912,93
0.922267412614758,2.693020844835093,81
0.922267412614758,2.766802237844273,49
0.922267412614758,2.840583630853454,49
0.922267412614758,2.914365023862634,30
0.922267412614758,2.988146416871816,32
0.922267412614758,3.061927809880996,21
0.922267412614758,3.135709202890177,22
0.922267412614758,3.209490595899357,7
0.922267412614758,3.283271988908538,7
0.922267412614758,3.357053381917718,6
0.922267412614758,3.430834774926899,9
0.922267412614758,3.50461616793608,10
0.922267412614758,3.578397560945261,2
0.922267412614758,3.652178953954441,6
0.922267412614758,3.873523132981983,2
0.922267412614758,3.947304525991163,1
0.922267412614758,4.021085919000344,1
0.9960488056239384,0.0368906965045903,843
0.9960488056239384,0.1106720895137709,640
0.9960488056239384,0.1844534825229515,928
0.9960488056239384,0.2582348755321322,1229
0.9960488056239384,0.3320162685413128,1393
0.9960488056239384,0.4057976615504934,1614
0.9960488056239384,0.4795790545596741,1794
0.9960488056239384,0.5533604475688547,1715
0.9960488056239384,0.6271418405780353,1845
0.9960488056239384,0.700923233587216,1985
0.9960488056239384,0.7747046265963966,2141
0.9960488056239384,0.8484860196055772,2084
0.9960488056239384,0.922267412614758,2005
0.9960488056239384,0.9960488056239384,1924
0.9960488056239384,1.069830198633119,1749
0.9960488056239384,1.1436115916423,1510
0.9960488056239384,1.21739298465148,1230
0.9960488056239384,1.291174377660661,976
0.9960488056239384,1.364955770669842,731
0.9960488056239384,1.438737163679022,572
0.9960488056239384,1.512518556688203,421
0.9960488056239384,1.586299949697384,275
0.9960488056239384,1.660081342706564,189
0.9960488056239384,1.733862735715745,149
0.9960488056239384,1.807644128724925,96
0.9960488056239384,1.881425521734106,104
0.9960488056239384,1.955206914743287,66
0.9960488056239384,2.028988307752467,50
0.9960488056239384,2.102769700761648,42
0.9960488056239384,2.176551093770828,39
0.9960488056239384,2.250332486780009,29
0.9960488056239384,2.32411387978919,16
0.9960488056239384,2.397895272798371,17
0.9960488056239384,2.471676665807551,5
0.9960488056239384,2.545458058816732,8
0.9960488056239384,2.619239451825912,7
0.9960488056239384,2.693020844835093,1
0.9960488056239384,2.766802237844273,1
0.9960488056239384,2.840583630853454,4
0.9960488056239384,2.914365023862634,2
0.9960488056239384,3.061927809880996,1
0.9960488056239384,3.209490595899357,2
1.069830198633119,0.0368906965045903,14696
1.069830198633119,0.1106720895137709,7100
1.069830198633119,0.1844534825229515,9683
1.069830198633119,0.2582348755321322,13251
1.069830198633119,0.3320162685413128,16152
1.069830198633119,0.4057976615504934,19008
1.069830198633119,0.4795790545596741,21149
1.069830198633119,0.5533604475688547,22391
1.069830198633119,0.6271418405780353,23233
1.069830198633119,0.700923233587216,24124
1.069830198633119,0.7747046265963966,25773
1.069830198633119,0.8484860196055772,26752
1.069830198633119,0.922267412614758,27701
1.069830198633119,0.9960488056239384,27303
1.069830198633119,1.069830198633119,26551
1.069830198633119,1.1436115916423,23763
1.069830198633119,1.21739298465148,20573
1.069830198633119,1.291174377660661,17053
1.069830198633119,1.364955770669842,13868
1.069830198633119,1.438737163679022,10635
1.069830198633119,1.512518556688203,8104
1.069830198633119,1.586299949697384,6257
1.069830198633119,1.660081342706564,4452
1.069830198633119,1.733862735715745,3361
1.069830198633119,1.807644128724925,2548
1.069830198633119,1.881425521734106,1882
1.069830198633119,1.955206914743287,1407
1.069830198633119,2.028988307752467,1143
1.069830198633119,2.102769700761648,898
1.069830198633119,2.176551093770828,677
1.069830198633119,2.250332486780009,591
1.069830198633119,2.32411387978919,417
1.069830198633119,2.397895272798371,323
1.069830198633119,2.471676665807551,227
1.069830198633119,2.545458058816732,167
1.069830198633119,2.619239451825912,125
1.069830198633119,2.693020844835093,96
1.069830198633119,2.766802237844273,72
1.069830198633119,2.840583630853454,61
1.069830198633119,2.914365023862634,40
1.069830198633119,2.988146416871816,24
1.069830198633119,3.061927809880996,21
1.069830198633119,3.135709202890177,17
1.069830198633119,3.209490595899357,13
1.069830198633119,3.283271988908538,6
1.069830198633119,3.357053381917718,3
1.069830198633119,3.430834774926899,5
1.069830198633119,3.50461616793608,2
1.069830198633119,3.578397560945261,2
1.069830198633119,3.652178953954441,2
1.069830198633119,3.725960346963622,2
1.069830198633119,3.799741739972802,1
1.069830198633119,3.947304525991163,5
1.069830198633119,4.021085919000344,1
1.1436115916423,0.0368906965045903,467
1.1436115916423,0.1106720895137709,343
1.1436115916423,0.1844534825229515,506
1.1436115916423,0.2582348755321322,680
1.1436115916423,0.3320162685413128,824
1.1436115916423,0.4057976615504934,1089
1.1436115916423,0.4795790545596741,1110
1.1436115916423,0.5533604475688547,1327
1.1436115916423,0.6271418405780353,1292
1.1436115916423,0.700923233587216,1386
1.1436115916423,0.7747046265963966,1486
1.1436115916423,0.8484860196055772,1597
1.1436115916423,0.922267412614758,1654
1.1436115916423,0.9960488056239384,1667
1.1436115916423,1.069830198633119,1580
1.1436115916423,1.1436115916423,1548
1.1436115916423,1.21739298465148,1324
1.1436115916423,1.291174377660661,1104
1.1436115916423,1.364955770669842,820
1.1436115916423,1.438737163679022,663
1.1436115916423,1.512518556688203,514
1.1436115916423,1.586299949697384,369
1.1436115916423,1.660081342706564,246
1.1436115916423,1.733862735715745,190
1.1436115916423,1.807644128724925,138
1.1436115916423,1.881425521734106,100
1.1436115916423,1.955206914743287,78
1.1436115916423,2.028988307752467,84
1.1436115916423,2.102769700761648,63
1.1436115916423,2.176551093770828,32
1.1436115916423,2.250332486780009,21
1.1436115916423,2.32411387978919,10
1.1436115916423,2.397895272798371,13
1.1436115916423,2.471676665807551,10
1.1436115916423,2.545458058816732,2
1.1436115916423,2.619239451825912,4
1.1436115916423,2.693020844835093,2
1.1436115916423,2.766802237844273,4
1.1436115916423,2.840583630853454,1
1.1436115916423,2.914365023862634,4
1.1436115916423,3.209490595899357,3
1.1436115916423,3.357053381917718,2
1.21739298465148,0.0368906965045903,8755
1.21739298465148,0.1106720895137709,3768
1.21739298465148,0.1844534825229515,5189
1.21739298465148,0.2582348755321322,7013
1.21739298465148,0.3320162685413128,8933
1.21739298465148,0.4057976615504934,11257
1.21739298465148,0.4795790545596741,13407
1.21739298465148,0.5533604475688547,15077
1.21739298465148,0.6271418405780353,16133
1.21739298465148,0.700923233587216,16927
1.21739298465148,0.7747046265963966,18223
1.21739298465148,0.8484860196055772,19457
1.21739298465148,0.922267412614758,20183
1.21739298465148,0.9960488056239384,20989
1.21739298465148,1.069830198633119,21662
1.21739298465148,1.1436115916423,21189
1.21739298465148,1.21739298465148,19794
1.21739298465148,1.291174377660661,17889
1.21739298465148,1.364955770669842,15039
1.21739298465148,1.438737163679022,12728
1.21739298465148,1.512518556688203,9992
1.21739298465148,1.586299949697384,7847
1.21739298465148,1.660081342706564,5792
1.21739298465148,1.733862735715745,4309
1.21739298465148,1.807644128724925,3285
1.21739298465148,1.881425521734106,2406
1.21739298465148,1.955206914743287,1727
1.21739298465148,2.028988307752467,1359
1.21739298465148,2.102769700761648,1055
1.21739298465148,2.176551093770828,809
1.21739298465148,2.250332486780009,585
1.21739298465148,2.32411387978919,419
1.21739298465148,2.397895272798371,355
1.21739298465148,2.471676665807551,251
1.21739298465148,2.545458058816732,173
1.21739298465148,2.619239451825912,137
1.21739298465148,2.693020844835093,102
1.21739298465148,2.766802237844273,56
1.21739298465148,2.840583630853454,46
1.21739298465148,2.914365023862634,46
1.21739298465148,2.988146416871816,26
1.21739298465148,3.061927809880996,24
1.21739298465148,3.135709202890177,17
1.21739298465148,3.209490595899357,18
1.21739298465148,3.283271988908538,14
1.21739298465148,3.357053381917718,10
1.21739298465148,3.430834774926899,7
1.21739298465148,3.50461616793608,7
1.21739298465148,3.578397560945261,5
1.21739298465148,3.652178953954441,2
1.21739298465148,3.725960346963622,3
1.21739298465148,3.799741739972802,1
1.21739298465148,4.021085919000344,1
1.291174377660661,0.0368906965045903,202
1.291174377660661,0.1106720895137709,167
1.291174377660661,0.1844534825229515,277
1.291174377660661,0.2582348755321322,375
1.291174377660661,0.3320162685413128,469
1.291174377660661,0.4057976615504934,624
1.291174377660661,0.4795790545596741,706
1.291174377660661,0.5533604475688547,841
1.291174377660661,0.6271418405780353,888
1.291174377660661,0.700923233587216,1019
1.291174377660661,0.7747046265963966,1047
1.291174377660661,0.8484860196055772,1158
1.291174377660661,0.922267412614758,1212
1.291174377660661,0.9960488056239384,1261
1.291174377660661,1.069830198633119,1293
1.291174377660661,1.1436115916423,1277
1.291174377660661,1.21739298465148,1153
1.291174377660661,1.291174377660661,1018
1.291174377660661,1.364955770669842,937
1.291174377660661,1.438737163679022,711
1.291174377660661,1.512518556688203,587
1.291174377660661,1.586299949697384,477
1.291174377660661,1.660081342706564,333
1.291174377660661,1.733862735715745,256
1.291174377660661,1.807644128724925,193
1.291174377660661,1.881425521734106,146
1.291174377660661,1.955206914743287,89
1.291174377660661,2.028988307752467,80
1.291174377660661,2.102769700761648,65
1.291174377660661,2.176551093770828,43
1.291174377660661,2.250332486780009,33
1.291174377660661,2.32411387978919,16
1.291174377660661,2.397895272798371,23
1.291174377660661,2.471676665807551,12
1.291174377660661,2.545458058816732,9
1.291174377660661,2.619239451825912,8
1.291174377660661,2.693020844835093,4
1.291174377660661,2.766802237844273,7
1.291174377660661,2.840583630853454,2
1.291174377660661,2.914365023862634,3
1.291174377660661,2.988146416871816,2
1.291174377660661,3.061927809880996,2
1.291174377660661,3.430834774926899,1
1.364955770669842,0.0368906965045903,5543
1.364955770669842,0.1106720895137709,2245
1.364955770669842,0.1844534825229515,2896
1.364955770669842,0.2582348755321322,3993
1.364955770669842,0.3320162685413128,5335
1.364955770669842,0.4057976615504934,6917
1.364955770669842,0.4795790545596741,8364
1.364955770669842,0.5533604475688547,10057
1.364955770669842,0.6271418405780353,11221
1.364955770669842,0.700923233587216,12241
1.364955770669842,0.7747046265963966,13221
1.364955770669842,0.8484860196055772,14379
1.364955770669842,0.922267412614758,15100
1.364955770669842,0.9960488056239384,16178
1.364955770669842,1.069830198633119,17008
1.364955770669842,1.1436115916423,17441
1.364955770669842,1.21739298465148,17223
1.364955770669842,1.291174377660661,16473
1.364955770669842,1.364955770669842,14964
1.364955770669842,1.438737163679022,13151
1.364955770669842,1.512518556688203,11335
1.364955770669842,1.586299949697384,9030
1.364955770669842,1.660081342706564,7160
1.364955770669842,1.733862735715745,5462
1.364955770669842,1.807644128724925,4033
1.364955770669842,1.881425521734106,3067
1.364955770669842,1.955206914743287,2183
1.364955770669842,2.028988307752467,1633
1.364955770669842,2.102769700761648,1189
1.364955770669842,2.176551093770828,861
1.364955770669842,2.250332486780009,658
1.364955770669842,2.32411387978919,507
1.364955770669842,2.397895272798371,389
1.364955770669842,2.471676665807551,301
1.364955770669842,2.545458058816732,214
1.364955770669842,2.619239451825912,169
1.364955770669842,2.693020844835093,119
1.364955770669842,2.766802237844273,82
1.364955770669842,2.840583630853454,51
1.364955770669842,2.914365023862634,37
1.364955770669842,2.988146416871816,37
1.364955770669842,3.061927809880996,33
1.364955770669842,3.135709202890177,21
1.364955770669842,3.209490595899357,11
1.364955770669842,3.283271988908538,8
1.364955770669842,3.357053381917718,7
1.364955770669842,3.430834774926899,10
1.364955770669842,3.50461616793608,9
1.364955770669842,3.578397560945261,6
1.364955770669842,3.652178953954441,4
1.364955770669842,3.725960346963622,1
1.364955770669842,3.799741739972802,1
1.364955770669842,3.873523132981983,2
1.438737163679022,0.0368906965045903,227
1.438737163679022,0.1106720895137709,142
1.438737163679022,0.1844534825229515,197
1.438737163679022,0.2582348755321322,300
1.438737163679022,0.3320162685413128,408
1.438737163679022,0.4057976615504934,554
1.438737163679022,0.4795790545596741,640
1.438737163679022,0.5533604475688547,839
1.438737163679022,0.6271418405780353,900
1.438737163679022,0.700923233587216,1107
1.438737163679022,0.7747046265963966,1068
1.438737163679022,0.8484860196055772,1254
1.438737163679022,0.922267412614758,1320
1.438737163679022,0.9960488056239384,1427
1.438737163679022,1.069830198633119,1429
1.438737163679022,1.1436115916423,1482
1.438737163679022,1.21739298465148,1579
1.438737163679022,1.291174377660661,1470
1.438737163679022,1.364955770669842,1331
1.438737163679022,1.438737163679022,1159
1.438737163679022,1.512518556688203,972
1.438737163679022,1.586299949697384,756
1.438737163679022,1.660081342706564,610
1.438737163679022,1.733862735715745,473
1.438737163679022,1.807644128724925,340
1.438737163679022,1.881425521734106,261
1.438737163679022,1.955206914743287,222
1.438737163679022,2.028988307752467,107
1.438737163679022,2.102769700761648,84
1.438737163679022,2.176551093770828,74
1.438737163679022,2.250332486780009,68
1.438737163679022,2.32411387978919,51
1.438737163679022,2.397895272798371,32
1.438737163679022,2.471676665807551,27
1.438737163679022,2.545458058816732,11
1.438737163679022,2.619239451825912,11
1.438737163679022,2.693020844835093,10
1.438737163679022,2.766802237844273,6
1.438737163679022,2.840583630853454,7
1.438737163679022,3.061927809880996,2
1.438737163679022,3.209490595899357,2
1.438737163679022,3.357053381917718,1
1.438737163679022,3.430834774926899,1
1.512518556688203,0.0368906965045903,3850
1.512518556688203,0.1106720895137709,1466
1.512518556688203,0.1844534825229515,1920
1.512518556688203,0.2582348755321322,2472
1.512518556688203,0.3320162685413128,3311
1.512518556688203,0.4057976615504934,4232
1.512518556688203,0.4795790545596741,5353
1.512518556688203,0.5533604475688547,6533
1.512518556688203,0.6271418405780353,7781
1.512518556688203,0.700923233587216,8740
1.512518556688203,0.7747046265963966,9617
1.512518556688203,0.8484860196055772,10593
1.512518556688203,0.922267412614758,11824
1.512518556688203,0.9960488056239384,12669
1.512518556688203,1.069830198633119,13339
1.512518556688203,1.1436115916423,14025
1.512518556688203,1.21739298465148,14683
1.512518556688203,1.291174377660661,14145
1.512518556688203,1.364955770669842,13992
1.512518556688203,1.438737163679022,12701
1.512518556688203,1.512518556688203,11309
1.512518556688203,1.586299949697384,9694
1.512518556688203,1.660081342706564,8232
1.512518556688203,1.733862735715745,6689
1.512518556688203,1.807644128724925,4962
1.512518556688203,1.881425521734106,3794
1.512518556688203,1.955206914743287,2779
1.512518556688203,2.028988307752467,2069
1.512518556688203,2.102769700761648,1460
1.512518556688203,2.176551093770828,1068
1.512518556688203,2.250332486780009,779
1.512518556688203,2.32411387978919,583
1.512518556688203,2.397895272798371,428
1.512518556688203,2.471676665807551,367
1.512518556688203,2.545458058816732,266
1.512518556688203,2.619239451825912,185
1.512518556688203,2.693020844835093,155
1.512518556688203,2.766802237844273,95
1.512518556688203,2.840583630853454,76
1.512518556688203,2.914365023862634,61
1.512518556688203,2.988146416871816,45
1.512518556688203,3.061927809880996,20
1.512518556688203,3.135709202890177,26
1.512518556688203,3.209490595899357,8
1.512518556688203,3.283271988908538,13
1.512518556688203,3.357053381917718,11
1.512518556688203,3.430834774926899,8
1.512518556688203,3.50461616793608,3
1.512518556688203,3.578397560945261,2
1.512518556688203,3.652178953954441,2
1.512518556688203,3.725960346963622,3
1.512518556688203,3.799741739972802,1
1.512518556688203,4.094867312009525,3
1.586299949697384,0.0368906965045903,2604
1.586299949697384,0.1106720895137709,915
1.586299949697384,0.1844534825229515,1151
1.586299949697384,0.2582348755321322,1606
1.586299949697384,0.3320162685413128,2008
1.586299949697384,0.4057976615504934,2638
1.586299949697384,0.4795790545596741,3439
1.586299949697384,0.5533604475688547,4244
1.586299949697384,0.6271418405780353,5203
1.586299949697384,0.700923233587216,6073
1.586299949697384,0.7747046265963966,7006
1.586299949697384,0.8484860196055772,7842
1.586299949697384,0.922267412614758,8798
1.586299949697384,0.9960488056239384,9677
1.586299949697384,1.069830198633119,10225
1.586299949697384,1.1436115916423,11211
1.586299949697384,1.21739298465148,11725
1.586299949697384,1.291174377660661,12159
1.586299949697384,1.364955770669842,12116
1.586299949697384,1.438737163679022,11690
1.586299949697384,1.512518556688203,10874
1.586299949697384,1.586299949697384,9568
1.586299949697384,1.660081342706564,8011
1.586299949697384,1.733862735715745,6850
1.586299949697384,1.807644128724925,5515
1.586299949697384,1.881425521734106,4304
1.586299949697384,1.955206914743287,3039
1.586299949697384,2.028988307752467,2358
1.586299949697384,2.102769700761648,1648
1.586299949697384,2.176551093770828,1263
1.586299949697384,2.250332486780009,851
1.586299949697384,2.32411387978919,655
1.586299949697384,2.397895272798371,454
1.586299949697384,2.471676665807551,364
1.586299949697384,2.545458058816732,288
1.586299949697384,2.619239451825912,215
1.586299949697384,2.693020844835093,163
1.586299949697384,2.766802237844273,119
1.586299949697384,2.840583630853454,72
1.586299949697384,2.914365023862634,45
1.586299949697384,2.988146416871816,35
1.586299949697384,3.061927809880996,36
1.586299949697384,3.135709202890177,16
1.586299949697384,3.209490595899357,18
1.586299949697384,3.283271988908538,9
1.586299949697384,3.357053381917718,5
1.586299949697384,3.430834774926899,3
1.586299949697384,3.50461616793608,4
1.586299949697384,3.578397560945261,4
1.586299949697384,3.652178953954441,6
1.586299949697384,3.725960346963622,1
1.586299949697384,3.873523132981983,1
1.660081342706564,0.0368906965045903,120
1.660081342706564,0.1106720895137709,86
1.660081342706564,0.1844534825229515,103
1.660081342706564,0.2582348755321322,128
1.660081342706564,0.3320162685413128,203
1.660081342706564,0.4057976615504934,263
1.660081342706564,0.4795790545596741,374
1.660081342706564,0.5533604475688547,424
1.660081342706564,0.6271418405780353,546
1.660081342706564,0.700923233587216,678
1.660081342706564,0.7747046265963966,747
1.660081342706564,0.8484860196055772,924
1.660081342706564,0.922267412614758,1026
1.660081342706564,0.9960488056239384,1099
1.660081342706564,1.069830198633119,1193
1.660081342706564,1.1436115916423,1300
1.660081342706564,1.21739298465148,1338
1.660081342706564,1.291174377660661,1380
1.660081342706564,1.364955770669842,1356
1.660081342706564,1.438737163679022,1301
1.660081342706564,1.512518556688203,1286
1.660081342706564,1.586299949697384,1103
1.660081342706564,1.660081342706564,939
1.660081342706564,1.733862735715745,764
1.660081342706564,1.807644128724925,650
1.660081342706564,1.881425521734106,512
1.660081342706564,1.955206914743287,341
1.660081342706564,2.028988307752467,248
1.660081342706564,2.102769700761648,186
1.660081342706564,2.176551093770828,129
1.660081342706564,2.250332486780009,90
1.660081342706564,2.32411387978919,76
1.660081342706564,2.397895272798371,49
1.660081342706564,2.471676665807551,25
1.660081342706564,2.545458058816732,20
1.660081342706564,2.619239451825912,18
1.660081342706564,2.693020844835093,8
1.660081342706564,2.766802237844273,8
1.660081342706564,2.840583630853454,5
1.660081342706564,2.914365023862634,4
1.660081342706564,2.988146416871816,4
1.660081342706564,3.061927809880996,1
1.660081342706564,3.135709202890177,3
1.660081342706564,3.430834774926899,3
1.733862735715745,0.0368906965045903,1951
1.733862735715745,0.1106720895137709,716
1.733862735715745,0.1844534825229515,861
1.733862735715745,0.2582348755321322,1010
1.733862735715745,0.3320162685413128,1408
1.733862735715745,0.4057976615504934,1839
1.733862735715745,0.4795790545596741,2215
1.733862735715745,0.5533604475688547,2907
1.733862735715745,0.6271418405780353,3576
1.733862735715745,0.700923233587216,4284
1.733862735715745,0.7747046265963966,5099
1.733862735715745,0.8484860196055772,6004
1.733862735715745,0.922267412614758,6669
1.733862735715745,0.9960488056239384,7485
1.733862735715745,1.069830198633119,8239
1.733862735715745,1.1436115916423,8953
1.733862735715745,1.21739298465148,9578
1.733862735715745,1.291174377660661,10066
1.733862735715745,1.364955770669842,10625
1.733862735715745,1.438737163679022,10601
1.733862735715745,1.512518556688203,10407
1.733862735715745,1.586299949697384,9489
1.733862735715745,1.660081342706564,8470
1.733862735715745,1.733862735715745,7163
1.733862735715745,1.807644128724925,5996
1.733862735715745,1.881425521734106,4803
1.733862735715745,1.955206914743287,3718
1.733862735715745,2.028988307752467,2739
1.733862735715745,2.102769700761648,1978
1.733862735715745,2.176551093770828,1380
1.733862735715745,2.250332486780009,1018
1.733862735715745,2.32411387978919,776
1.733862735715745,2.397895272798371,551
1.733862735715745,2.471676665807551,402
1.733862735715745,2.545458058816732,306
1.733862735715745,2.619239451825912,220
1.733862735715745,2.693020844835093,152
1.733862735715745,2.766802237844273,139
1.733862735715745,2.840583630853454,92
1.733862735715745,2.914365023862634,68
1.733862735715745,2.988146416871816,46
1.733862735715745,3.061927809880996,40
1.733862735715745,3.135709202890177,33
1.733862735715745,3.209490595899357,23
1.733862735715745,3.283271988908538,14
1.733862735715745,3.357053381917718,5
1.733862735715745,3.430834774926899,5
1.733862735715745,3.50461616793608,5
1.733862735715745,3.578397560945261,6
1.733862735715745,3.652178953954441,1
1.733862735715745,3.725960346963622,3
1.733862735715745,3.799741739972802,3
1.733862735715745,3.873523132981983,1
1.733862735715745,4.094867312009525,1
1.807644128724925,0.0368906965045903,1409
1.807644128724925,0.1106720895137709,495
1.807644128724925,0.1844534825229515,615
1.807644128724925,0.2582348755321322,825
1.807644128724925,0.3320162685413128,1051
1.807644128724925,0.4057976615504934,1314
1.807644128724925,0.4795790545596741,1607
1.807644128724925,0.5533604475688547,1968
1.807644128724925,0.6271418405780353,2623
1.807644128724925,0.700923233587216,3276
1.807644128724925,0.7747046265963966,3843
1.807644128724925,0.8484860196055772,4730
1.807644128724925,0.922267412614758,5209
1.807644128724925,0.9960488056239384,6074
1.807644128724925,1.069830198633119,6823
1.807644128724925,1.1436115916423,7504
1.807644128724925,1.21739298465148,8155
1.807644128724925,1.291174377660661,8916
1.807644128724925,1.364955770669842,9373
1.807644128724925,1.438737163679022,9695
1.807644128724925,1.512518556688203,9733
1.807644128724925,1.586299949697384,9213
1.807644128724925,1.660081342706564,8452
1.807644128724925,1.733862735715745,7574
1.807644128724925,1.807644128724925,6175
1.807644128724925,1.881425521734106,5259
1.807644128724925,1.955206914743287,4049
1.807644128724925,2.028988307752467,3091
1.807644128724925,2.102769700761648,2195
1.807644128724925,2.176551093770828,1662
1.807644128724925,2.250332486780009,1227
1.807644128724925,2.32411387978919,847
1.807644128724925,2.397895272798371,589
1.807644128724925,2.471676665807551,475
1.807644128724925,2.545458058816732,373
1.807644128724925,2.619239451825912,235
1.807644128724925,2.693020844835093,187
1.807644128724925,2.766802237844273,160
1.807644128724925,2.840583630853454,88
1.807644128724925,2.914365023862634,73
1.807644128724925,2.988146416871816,65
1.807644128724925,3.061927809880996,41
1.807644128724925,3.135709202890177,30
1.807644128724925,3.209490595899357,18
1.807644128724925,3.283271988908538,13
1.807644128724925,3.357053381917718,12
1.807644128724925,3.430834774926899,7
1.807644128724925,3.50461616793608,5
1.807644128724925,3.578397560945261,1
1.807644128724925,3.652178953954441,1
1.807644128724925,3.947304525991163,1
1.807644128724925,4.168648705018706,1
1.881425521734106,0.0368906965045903,1000
1.881425521734106,0.1106720895137709,415
1.881425521734106,0.1844534825229515,470
1.881425521734106,0.2582348755321322,567
1.881425521734106,0.3320162685413128,666
1.881425521734106,0.4057976615504934,903
1.881425521734106,0.4795790545596741,1149
1.881425521734106,0.5533604475688547,1466
1.881425521734106,0.6271418405780353,1910
1.881425521734106,0.700923233587216,2325
1.881425521734106,0.7747046265963966,2682
1.881425521734106,0.8484860196055772,3379
1.881425521734106,0.922267412614758,4136
1.881425521734106,0.9960488056239384,4583
1.881425521734106,1.069830198633119,5221
1.881425521734106,1.1436115916423,6028
1.881425521734106,1.21739298465148,6584
1.881425521734106,1.291174377660661,7218
1.881425521734106,1.364955770669842,7780
1.881425521734106,1.438737163679022,7972
1.881425521734106,1.512518556688203,8516
1.881425521734106,1.586299949697384,8364
1.881425521734106,1.660081342706564,7939
1.881425521734106,1.733862735715745,7002
1.881425521734106,1.807644128724925,6257
1.881425521734106,1.881425521734106,5186
1.881425521734106,1.955206914743287,4259
1.881425521734106,2.028988307752467,3169
1.881425521734106,2.102769700761648,2593
1.881425521734106,2.176551093770828,1786
1.881425521734106,2.250332486780009,1251
1.881425521734106,2.32411387978919,930
1.881425521734106,2.397895272798371,659
1.881425521734106,2.471676665807551,513
1.881425521734106,2.545458058816732,373
1.881425521734106,2.619239451825912,269
1.881425521734106,2.693020844835093,203
1.881425521734106,2.766802237844273,136
1.881425521734106,2.840583630853454,83
1.881425521734106,2.914365023862634,56
1.881425521734106,2.988146416871816,48
1.881425521734106,3.061927809880996,27
1.881425521734106,3.135709202890177,17
1.881425521734106,3.209490595899357,13
1.881425521734106,3.283271988908538,12
1.881425521734106,3.357053381917718,8
1.881425521734106,3.430834774926899,3
1.881425521734106,3.50461616793608,3
1.881425521734106,3.578397560945261,2
1.881425521734106,3.652178953954441,2
1.881425521734106,3.873523132981983,1
1.881425521734106,4.021085919000344,1
1.881425521734106,4.168648705018706,2
1.955206914743287,0.0368906965045903,834
1.955206914743287,0.1106720895137709,295
1.955206914743287,0.1844534825229515,380
1.955206914743287,0.2582348755321322,430
1.955206914743287,0.3320162685413128,508
1.955206914743287,0.4057976615504934,712
1.955206914743287,0.4795790545596741,884
1.955206914743287,0.5533604475688547,1040
1.955206914743287,0.6271418405780353,1399
1.955206914743287,0.700923233587216,1759
1.955206914743287,0.7747046265963966,2047
1.955206914743287,0.8484860196055772,2537
1.955206914743287,0.922267412614758,3048
1.955206914743287,0.9960488056239384,3629
1.955206914743287,1.069830198633119,4319
1.955206914743287,1.1436115916423,4919
1.955206914743287,1.21739298465148,5429
1.955206914743287,1.291174377660661,6126
1.955206914743287,1.364955770669842,6571
1.955206914743287,1.438737163679022,7021
1.955206914743287,1.512518556688203,7315
1.955206914743287,1.586299949697384,7489
1.955206914743287,1.660081342706564,7332
1.955206914743287,1.733862735715745,6822
1.955206914743287,1.807644128724925,5934
1.955206914743287,1.881425521734106,5205
1.955206914743287,1.955206914743287,4415
1.955206914743287,2.028988307752467,3467
1.955206914743287,2.102769700761648,2643
1.955206914743287,2.176551093770828,1936
1.955206914743287,2.250332486780009,1369
1.955206914743287,2.32411387978919,1006
1.955206914743287,2.397895272798371,693
1.955206914743287,2.471676665807551,500
1.955206914743287,2.545458058816732,347
1.955206914743287,2.619239451825912,249
1.955206914743287,2.693020844835093,201
1.955206914743287,2.766802237844273,130
1.955206914743287,2.840583630853454,83
1.955206914743287,2.914365023862634,69
1.955206914743287,2.988146416871816,58
1.955206914743287,3.061927809880996,31
1.955206914743287,3.135709202890177,29
1.955206914743287,3.209490595899357,16
1.955206914743287,3.283271988908538,14
1.955206914743287,3.357053381917718,18
1.955206914743287,3.430834774926899,3
1.955206914743287,3.50461616793608,3
1.955206914743287,3.578397560945261,4
1.955206914743287,3.652178953954441,3
1.955206914743287,3.725960346963622,3
1.955206914743287,3.799741739972802,1
1.955206914743287,3.873523132981983,3
1.955206914743287,4.021085919000344,1
2.028988307752467,0.0368906965045903,657
2.028988307752467,0.1106720895137709,212
2.028988307752467,0.1844534825229515,280
2.028988307752467,0.2582348755321322,302
2.028988307752467,0.3320162685413128,402
2.028988307752467,0.4057976615504934,518
2.028988307752467,0.4795790545596741,608
2.028988307752467,0.5533604475688547,798
2.028988307752467,0.6271418405780353,966
2.028988307752467,0.700923233587216,1238
2.028988307752467,0.7747046265963966,1564
2.028988307752467,0.8484860196055772,1934
2.028988307752467,0.922267412614758,2313
2.028988307752467,0.9960488056239384,2740
2.028988307752467,1.069830198633119,3234
2.028988307752467,1.1436115916423,3868
2.028988307752467,1.21739298465148,4464
2.028988307752467,1.291174377660661,4948
2.028988307752467,1.364955770669842,5457
2.028988307752467,1.438737163679022,6075
2.028988307752467,1.512518556688203,6448
2.028988307752467,1.586299949697384,6618
2.028988307752467,1.660081342706564,6623
2.028988307752467,1.733862735715745,6416
2.028988307752467,1.807644128724925,5702
2.028988307752467,1.881425521734106,5093
2.028988307752467,1.955206914743287,4295
2.028988307752467,2.028988307752467,3418
2.028988307752467,2.102769700761648,2788
2.028988307752467,2.176551093770828,2011
2.028988307752467,2.250332486780009,1507
2.028988307752467,2.32411387978919,1072
2.028988307752467,2.397895272798371,718
2.028988307752467,2.471676665807551,516
2.028988307752467,2.545458058816732,414
2.028988307752467,2.619239451825912,299
2.028988307752467,2.693020844835093,215
2.028988307752467,2.766802237844273,155
2.028988307752467,2.840583630853454,112
2.028988307752467,2.914365023862634,78
2.028988307752467,2.988146416871816,63
2.028988307752467,3.061927809880996,34
2.028988307752467,3.135709202890177,29
2.028988307752467,3.209490595899357,25
2.028988307752467,3.283271988908538,7
2.028988307752467,3.357053381917718,9
2.028988307752467,3.430834774926899,6
2.028988307752467,3.50461616793608,6
2.028988307752467,3.578397560945261,1
2.028988307752467,3.652178953954441,2
2.028988307752467,3.799741739972802,1
2.028988307752467,3.873523132981983,1
2.028988307752467,3.947304525991163,1
2.102769700761648,0.0368906965045903,493
2.102769700761648,0.1106720895137709,174
2.102769700761648,0.1844534825229515,224
2.102769700761648,0.2582348755321322,257
2.102769700761648,0.3320162685413128,328
2.102769700761648,0.4057976615504934,390
2.102769700761648,0.4795790545596741,490
2.102769700761648,0.5533604475688547,566
2.102769700761648,0.6271418405780353,811
2.102769700761648,0.700923233587216,1005
2.102769700761648,0.7747046265963966,1228
2.102769700761648,0.8484860196055772,1527
2.102769700761648,0.922267412614758,1811
2.102769700761648,0.9960488056239384,2266
2.102769700761648,1.069830198633119,2730
2.102769700761648,1.1436115916423,3184
2.102769700761648,1.21739298465148,3754
2.102769700761648,1.291174377660661,4185
2.102769700761648,1.364955770669842,4750
2.102769700761648,1.438737163679022,5127
2.102769700761648,1.512518556688203,5768
2.102769700761648,1.586299949697384,6178
2.102769700761648,1.660081342706564,6284
2.102769700761648,1.733862735715745,6052
2.102769700761648,1.807644128724925,5721
2.102769700761648,1.881425521734106,5133
2.102769700761648,1.955206914743287,4404
2.102769700761648,2.028988307752467,3713
2.102769700761648,2.102769700761648,2873
2.102769700761648,2.176551093770828,2271
2.102769700761648,2.250332486780009,1605
2.102769700761648,2.32411387978919,1146
2.102769700761648,2.397895272798371,796
2.102769700761648,2.471676665807551,607
2.102769700761648,2.545458058816732,452
2.102769700761648,2.619239451825912,355
2.102769700761648,2.693020844835093,200
2.102769700761648,2.766802237844273,173
2.102769700761648,2.840583630853454,105
2.102769700761648,2.914365023862634,86
2.102769700761648,2.988146416871816,48
2.102769700761648,3.061927809880996,36
2.102769700761648,3.135709202890177,33
2.102769700761648,3.209490595899357,18
2.102769700761648,3.283271988908538,15
2.102769700761648,3.357053381917718,8
2.102769700761648,3.430834774926899,6
2.102769700761648,3.50461616793608,4
2.102769700761648,3.578397560945261,2
2.102769700761648,3.725960346963622,2
2.102769700761648,3.799741739972802,2
2.102769700761648,3.873523132981983,1
2.102769700761648,4.021085919000344,1
2.102769700761648,4.316211491037066,1
2.176551093770828,0.0368906965045903,736
2.176551093770828,0.1106720895137709,217
2.176551093770828,0.1844534825229515,309
2.176551093770828,0.2582348755321322,343
2.176551093770828,0.3320162685413128,464
2.176551093770828,0.4057976615504934,546
2.176551093770828,0.4795790545596741,612
2.176551093770828,0.5533604475688547,749
2.176551093770828,0.6271418405780353,984
2.176551093770828,0.700923233587216,1251
2.176551093770828,0.7747046265963966,1503
2.176551093770828,0.8484860196055772,1923
2.176551093770828,0.922267412614758,2448
2.176551093770828,0.9960488056239384,2982
2.176551093770828,1.069830198633119,3712
2.176551093770828,1.1436115916423,4219
2.176551093770828,1.21739298465148,5168
2.176551093770828,1.291174377660661,5871
2.176551093770828,1.364955770669842,6642
2.176551093770828,1.438737163679022,7466
2.176551093770828,1.512518556688203,8320
2.176551093770828,1.586299949697384,9129
2.176551093770828,1.660081342706564,9582
2.176551093770828,1.733862735715745,9962
2.176551093770828,1.807644128724925,9572
2.176551093770828,1.881425521734106,8933
2.176551093770828,1.955206914743287,7940
2.176551093770828,2.028988307752467,6748
2.176551093770828,2.102769700761648,5728
2.176551093770828,2.176551093770828,4332
2.176551093770828,2.250332486780009,3172
2.176551093770828,2.32411387978919,2338
2.176551093770828,2.397895272798371,1737
2.176551093770828,2.471676665807551,1179
2.176551093770828,2.545458058816732,850
2.176551093770828,2.619239451825912,608
2.176551093770828,2.693020844835093,435
2.176551093770828,2.766802237844273,335
2.176551093770828,2.840583630853454,267
2.176551093770828,2.914365023862634,192
2.176551093770828,2.988146416871816,123
2.176551093770828,3.061927809880996,89
2.176551093770828,3.135709202890177,63
2.176551093770828,3.209490595899357,44
2.176551093770828,3.283271988908538,34
2.176551093770828,3.357053381917718,14
2.176551093770828,3.430834774926899,7
2.176551093770828,3.50461616793608,8
2.176551093770828,3.578397560945261,6
2.176551093770828,3.652178953954441,10
2.176551093770828,3.725960346963622,4
2.176551093770828,3.799741739972802,1
2.176551093770828,3.873523132981983,1
2.176551093770828,3.947304525991163,3
2.176551093770828,4.021085919000344,3
2.176551093770828,4.094867312009525,3
2.250332486780009,0.0368906965045903,301
2.250332486780009,0.1106720895137709,97
2.250332486780009,0.1844534825229515,126
2.250332486780009,0.2582348755321322,126
2.250332486780009,0.3320162685413128,150
2.250332486780009,0.4057976615504934,198
2.250332486780009,0.4795790545596741,277
2.250332486780009,0.5533604475688547,305
2.250332486780009,0.6271418405780353,377
2.250332486780009,0.700923233587216,460
2.250332486780009,0.7747046265963966,559
2.250332486780009,0.8484860196055772,747
2.250332486780009,0.922267412614758,912
2.250332486780009,0.9960488056239384,1137
2.250332486780009,1.069830198633119,1456
2.250332486780009,1.1436115916423,1770
2.250332486780009,1.21739298465148,2048
2.250332486780009,1.291174377660661,2318
2.250332486780009,1.364955770669842,2692
2.250332486780009,1.438737163679022,3236
2.250332486780009,1.512518556688203,3713
2.250332486780009,1.586299949697384,4083
2.250332486780009,1.660081342706564,4448
2.250332486780009,1.733862735715745,4480
2.250332486780009,1.807644128724925,4736
2.250332486780009,1.881425521734106,4557
2.250332486780009,1.955206914743287,4051
2.250332486780009,2.028988307752467,3681
2.250332486780009,2.102769700761648,2926
2.250332486780009,2.176551093770828,2344
2.250332486780009,2.250332486780009,1930
2.250332486780009,2.32411387978919,1390
2.250332486780009,2.397895272798371,980
2.250332486780009,2.471676665807551,690
2.250332486780009,2.545458058816732,539
2.250332486780009,2.619239451825912,371
2.250332486780009,2.693020844835093,244
2.250332486780009,2.766802237844273,153
2.250332486780009,2.840583630853454,139
2.250332486780009,2.914365023862634,95
2.250332486780009,2.988146416871816,76
2.250332486780009,3.061927809880996,49
2.250332486780009,3.135709202890177,39
2.250332486780009,3.209490595899357,29
2.250332486780009,3.283271988908538,29
2.250332486780009,3.357053381917718,11
2.250332486780009,3.430834774926899,7
2.250332486780009,3.50461616793608,3
2.250332486780009,3.578397560945261,4
2.250332486780009,3.652178953954441,2
2.250332486780009,3.725960346963622,1
2.250332486780009,3.873523132981983,1
2.250332486780009,4.168648705018706,1
2.32411387978919,0.0368906965045903,498
2.32411387978919,0.1106720895137709,121
2.32411387978919,0.1844534825229515,165
2.32411387978919,0.2582348755321322,208
2.32411387978919,0.3320162685413128,218
2.32411387978919,0.4057976615504934,261
2.32411387978919,0.4795790545596741,365
2.32411387978919,0.5533604475688547,427
2.32411387978919,0.6271418405780353,486
2.32411387978919,0.700923233587216,610
2.32411387978919,0.7747046265963966,784
2.32411387978919,0.8484860196055772,870
2.32411387978919,0.922267412614758,1216
2.32411387978919,0.9960488056239384,1545
2.32411387978919,1.069830198633119,1805
2.32411387978919,1.1436115916423,2318
2.32411387978919,1.21739298465148,2721
2.32411387978919,1.291174377660661,3264
2.32411387978919,1.364955770669842,3952
2.32411387978919,1.438737163679022,4405
2.32411387978919,1.512518556688203,5220
2.32411387978919,1.586299949697384,5919
2.32411387978919,1.660081342706564,6646
2.32411387978919,1.733862735715745,7150
2.32411387978919,1.807644128724925,7538
2.32411387978919,1.881425521734106,7521
2.32411387978919,1.955206914743287,7002
2.32411387978919,2.028988307752467,6580
2.32411387978919,2.102769700761648,5548
2.32411387978919,2.176551093770828,4380
2.32411387978919,2.250332486780009,3499
2.32411387978919,2.32411387978919,2642
2.32411387978919,2.397895272798371,2009
2.32411387978919,2.471676665807551,1449
2.32411387978919,2.545458058816732,1023
2.32411387978919,2.619239451825912,734
2.32411387978919,2.693020844835093,540
2.32411387978919,2.766802237844273,379
2.32411387978919,2.840583630853454,305
2.32411387978919,2.914365023862634,211
2.32411387978919,2.988146416871816,155
2.32411387978919,3.061927809880996,100
2.32411387978919,3.135709202890177,69
2.32411387978919,3.209490595899357,53
2.32411387978919,3.283271988908538,26
2.32411387978919,3.357053381917718,13
2.32411387978919,3.430834774926899,8
2.32411387978919,3.50461616793608,10
2.32411387978919,3.578397560945261,7
2.32411387978919,3.652178953954441,8
2.32411387978919,3.725960346963622,7
2.32411387978919,3.799741739972802,3
2.32411387978919,3.873523132981983,3
2.32411387978919,4.021085919000344,1
2.32411387978919,4.168648705018706,1
2.397895272798371,0.0368906965045903,180
2.397895272798371,0.1106720895137709,50
2.397895272798371,0.1844534825229515,70
2.397895272798371,0.2582348755321322,63
2.397895272798371,0.3320162685413128,86
2.397895272798371,0.4057976615504934,101
2.397895272798371,0.4795790545596741,146
2.397895272798371,0.5533604475688547,162
2.397895272798371,0.6271418405780353,221
2.397895272798371,0.700923233587216,261
2.397895272798371,0.7747046265963966,314
2.397895272798371,0.8484860196055772,363
2.397895272798371,0.922267412614758,474
2.397895272798371,0.9960488056239384,627
2.397895272798371,1.069830198633119,703
2.397895272798371,1.1436115916423,933
2.397895272798371,1.21739298465148,1175
2.397895272798371,1.291174377660661,1322
2.397895272798371,1.364955770669842,1614
2.397895272798371,1.438737163679022,1925
2.397895272798371,1.512518556688203,2234
2.397895272798371,1.586299949697384,2622
2.397895272798371,1.660081342706564,2962
2.397895272798371,1.733862735715745,3280
2.397895272798371,1.807644128724925,3597
2.397895272798371,1.881425521734106,3723
2.397895272798371,1.955206914743287,3646
2.397895272798371,2.028988307752467,3389
2.397895272798371,2.102769700761648,2998
2.397895272798371,2.176551093770828,2401
2.397895272798371,2.250332486780009,1983
2.397895272798371,2.32411387978919,1530
2.397895272798371,2.397895272798371,1124
2.397895272798371,2.471676665807551,825
2.397895272798371,2.545458058816732,611
2.397895272798371,2.619239451825912,460
2.397895272798371,2.693020844835093,303
2.397895272798371,2.766802237844273,223
2.397895272798371,2.840583630853454,174
2.397895272798371,2.914365023862634,124
2.397895272798371,2.988146416871816,67
2.397895272798371,3.061927809880996,76
2.397895272798371,3.135709202890177,45
2.397895272798371,3.209490595899357,23
2.397895272798371,3.283271988908538,8
2.397895272798371,3.357053381917718,12
2.397895272798371,3.430834774926899,6
2.397895272798371,3.50461616793608,3
2.397895272798371,3.578397560945261,3
2.397895272798371,3.652178953954441,3
2.397895272798371,3.725960346963622,3
2.397895272798371,3.873523132981983,1
2.397895272798371,4.021085919000344,2
2.471676665807551,0.0368906965045903,306
2.471676665807551,0.1106720895137709,69
2.471676665807551,0.1844534825229515,94
2.471676665807551,0.2582348755321322,99
2.471676665807551,0.3320162685413128,118
2.471676665807551,0.4057976615504934,159
2.471676665807551,0.4795790545596741,167
2.471676665807551,0.5533604475688547,213
2.471676665807551,0.6271418405780353,267
2.471676665807551,0.700923233587216,359
2.471676665807551,0.7747046265963966,415
2.471676665807551,0.8484860196055772,510
2.471676665807551,0.922267412614758,581
2.471676665807551,0.9960488056239384,786
2.471676665807551,1.069830198633119,932
2.471676665807551,1.1436115916423,1178
2.471676665807551,1.21739298465148,1520
2.471676665807551,1.291174377660661,1816
2.471676665807551,1.364955770669842,2258
2.471676665807551,1.438737163679022,2677
2.471676665807551,1.512518556688203,3145
2.471676665807551,1.586299949697384,3662
2.471676665807551,1.660081342706564,4223
2.471676665807551,1.733862735715745,4849
2.471676665807551,1.807644128724925,5229
2.471676665807551,1.881425521734106,5576
2.471676665807551,1.955206914743287,5465
2.471676665807551,2.028988307752467,5670
2.471676665807551,2.102769700761648,5270
2.471676665807551,2.176551093770828,4479
2.471676665807551,2.250332486780009,3591
2.471676665807551,2.32411387978919,2765
2.471676665807551,2.397895272798371,2247
2.471676665807551,2.471676665807551,1623
2.471676665807551,2.545458058816732,1216
2.471676665807551,2.619239451825912,894
2.471676665807551,2.693020844835093,664
2.471676665807551,2.766802237844273,437
2.471676665807551,2.840583630853454,316
2.471676665807551,2.914365023862634,245
2.471676665807551,2.988146416871816,192
2.471676665807551,3.061927809880996,118
2.471676665807551,3.135709202890177,101
2.471676665807551,3.209490595899357,47
2.471676665807551,3.283271988908538,27
2.471676665807551,3.357053381917718,18
2.471676665807551,3.430834774926899,20
2.471676665807551,3.50461616793608,11
2.471676665807551,3.578397560945261,7
2.471676665807551,3.652178953954441,7
2.471676665807551,3.725960346963622,6
2.471676665807551,3.799741739972802,4
2.471676665807551,4.021085919000344,1
2.471676665807551,4.094867312009525,1
2.471676665807551,4.168648705018706,1
2.471676665807551,4.242430098027887,3
2.545458058816732,0.0368906965045903,195
2.545458058816732,0.1106720895137709,56
2.545458058816732,0.1844534825229515,56
2.545458058816732,0.2582348755321322,85
2.545458058816732,0.3320162685413128,80
2.545458058816732,0.4057976615504934,91
2.545458058816732,0.4795790545596741,132
2.545458058816732,0.5533604475688547,179
2.545458058816732,0.6271418405780353,159
2.545458058816732,0.700923233587216,230
2.545458058816732,0.7747046265963966,279
2.545458058816732,0.8484860196055772,368
2.545458058816732,0.922267412614758,444
2.545458058816732,0.9960488056239384,543
2.545458058816732,1.069830198633119,692
2.545458058816732,1.1436115916423,792
2.545458058816732,1.21739298465148,1094
2.545458058816732,1.291174377660661,1263
2.545458058816732,1.364955770669842,1595
2.545458058816732,1.438737163679022,1978
2.545458058816732,1.512518556688203,2431
2.545458058816732,1.586299949697384,2870
2.545458058816732,1.660081342706564,3294
2.545458058816732,1.733862735715745,3670
2.545458058816732,1.807644128724925,4227
2.545458058816732,1.881425521734106,4390
2.545458058816732,1.955206914743287,4643
2.545458058816732,2.028988307752467,4758
2.545458058816732,2.102769700761648,4644
2.545458058816732,2.176551093770828,4214
2.545458058816732,2.250332486780009,3493
2.545458058816732,2.32411387978919,2909
2.545458058816732,2.397895272798371,2371
2.545458058816732,2.471676665807551,1723
2.545458058816732,2.545458058816732,1338
2.545458058816732,2.619239451825912,890
2.545458058816732,2.693020844835093,718
2.545458058816732,2.766802237844273,493
2.545458058816732,2.840583630853454,338
2.545458058816732,2.914365023862634,280
2.545458058816732,2.988146416871816,218
2.545458058816732,3.061927809880996,139
2.545458058816732,3.135709202890177,84
2.545458058816732,3.209490595899357,70
2.545458058816732,3.283271988908538,40
2.545458058816732,3.357053381917718,28
2.545458058816732,3.430834774926899,25
2.545458058816732,3.50461616793608,19
2.545458058816732,3.578397560945261,7
2.545458058816732,3.652178953954441,9
2.545458058816732,3.725960346963622,2
2.545458058816732,3.873523132981983,1
2.545458058816732,4.021085919000344,1
2.545458058816732,4.242430098027887,1
2.545458058816732,4.316211491037066,1
2.619239451825912,0.0368906965045903,152
2.619239451825912,0.1106720895137709,39
2.619239451825912,0.1844534825229515,42
2.619239451825912,0.2582348755321322,60
2.619239451825912,0.3320162685413128,66
2.619239451825912,0.4057976615504934,81
2.619239451825912,0.4795790545596741,117
2.619239451825912,0.5533604475688547,136
2.619239451825912,0.6271418405780353,135
2.619239451825912,0.700923233587216,149
2.619239451825912,0.7747046265963966,183
2.619239451825912,0.8484860196055772,261
2.619239451825912,0.922267412614758,320
2.619239451825912,0.9960488056239384,349
2.619239451825912,1.069830198633119,494
2.619239451825912,1.1436115916423,578
2.619239451825912,1.21739298465148,782
2.619239451825912,1.291174377660661,883
2.619239451825912,1.364955770669842,1120
2.619239451825912,1.438737163679022,1380
2.619239451825912,1.512518556688203,1628
2.619239451825912,1.586299949697384,2008
2.619239451825912,1.660081342706564,2431
2.619239451825912,1.733862735715745,2908
2.619239451825912,1.807644128724925,3341
2.619239451825912,1.881425521734106,3717
2.619239451825912,1.955206914743287,3909
2.619239451825912,2.028988307752467,4152
2.619239451825912,2.102769700761648,4117
2.619239451825912,2.176551093770828,3831
2.619239451825912,2.250332486780009,3432
2.619239451825912,2.32411387978919,2880
2.619239451825912,2.397895272798371,2333
2.619239451825912,2.471676665807551,1777
2.619239451825912,2.545458058816732,1359
2.619239451825912,2.619239451825912,1046
2.619239451825912,2.693020844835093,771
2.619239451825912,2.766802237844273,577
2.619239451825912,2.840583630853454,383
2.619239451825912,2.914365023862634,262
2.619239451825912,2.988146416871816,210
2.619239451825912,3.061927809880996,147
2.619239451825912,3.135709202890177,108
2.619239451825912,3.209490595899357,62
2.619239451825912,3.283271988908538,43
2.619239451825912,3.357053381917718,29
2.619239451825912,3.430834774926899,16
2.619239451825912,3.50461616793608,20
2.619239451825912,3.578397560945261,10
2.619239451825912,3.652178953954441,11
2.619239451825912,3.725960346963622,6
2.619239451825912,3.799741739972802,4
2.619239451825912,3.873523132981983,2
2.619239451825912,4.021085919000344,3
2.619239451825912,4.094867312009525,1
2.619239451825912,4.168648705018706,1
2.619239451825912,4.242430098027887,2
2.693020844835093,0.0368906965045903,110
2.693020844835093,0.1106720895137709,22
2.693020844835093,0.1844534825229515,28
2.693020844835093,0.2582348755321322,31
2.693020844835093,0.3320162685413128,54
2.693020844835093,0.4057976615504934,59
2.693020844835093,0.4795790545596741,54
2.693020844835093,0.5533604475688547,102
2.693020844835093,0.6271418405780353,81
2.693020844835093,0.700923233587216,138
2.693020844835093,0.7747046265963966,153
2.693020844835093,0.8484860196055772,189
2.693020844835093,0.922267412614758,216
2.693020844835093,0.9960488056239384,288
2.693020844835093,1.069830198633119,338
2.693020844835093,1.1436115916423,451
2.693020844835093,1.21739298465148,545
2.693020844835093,1.291174377660661,652
2.693020844835093,1.364955770669842,795
2.693020844835093,1.438737163679022,983
2.693020844835093,1.512518556688203,1236
2.693020844835093,1.586299949697384,1453
2.693020844835093,1.660081342706564,1835
2.693020844835093,1.733862735715745,2113
2.693020844835093,1.807644128724925,2495
2.693020844835093,1.881425521734106,2902
2.693020844835093,1.955206914743287,3206
2.693020844835093,2.028988307752467,3413
2.693020844835093,2.102769700761648,3583
2.693020844835093,2.176551093770828,3563
2.693020844835093,2.250332486780009,3239
2.693020844835093,2.32411387978919,2846
2.693020844835093,2.397895272798371,2332
2.693020844835093,2.471676665807551,1811
2.693020844835093,2.545458058816732,1441
2.693020844835093,2.619239451825912,1089
2.693020844835093,2.693020844835093,837
2.693020844835093,2.766802237844273,587
2.693020844835093,2.840583630853454,443
2.693020844835093,2.914365023862634,315
2.693020844835093,2.988146416871816,215
2.693020844835093,3.061927809880996,159
2.693020844835093,3.135709202890177,108
2.693020844835093,3.209490595899357,65
2.693020844835093,3.283271988908538,37
2.693020844835093,3.357053381917718,36
2.693020844835093,3.430834774926899,22
2.693020844835093,3.50461616793608,12
2.693020844835093,3.578397560945261,7
2.693020844835093,3.652178953954441,8
2.693020844835093,3.725960346963622,6
2.693020844835093,3.799741739972802,2
2.693020844835093,3.873523132981983,3
2.693020844835093,3.947304525991163,1
2.693020844835093,4.021085919000344,1
2.693020844835093,4.094867312009525,2
2.693020844835093,4.389992884046247,1
2.766802237844273,0.0368906965045903,156
2.766802237844273,0.1106720895137709,30
2.766802237844273,0.1844534825229515,22
2.766802237844273,0.2582348755321322,31
2.766802237844273,0.3320162685413128,41
2.766802237844273,0.4057976615504934,54
2.766802237844273,0.4795790545596741,68
2.766802237844273,0.5533604475688547,82
2.766802237844273,0.6271418405780353,98
2.766802237844273,0.700923233587216,152
2.766802237844273,0.7747046265963966,125
2.766802237844273,0.8484860196055772,161
2.766802237844273,0.922267412614758,179
2.766802237844273,0.9960488056239384,258
2.766802237844273,1.069830198633119,316
2.766802237844273,1.1436115916423,377
2.766802237844273,1.21739298465148,478
2.766802237844273,1.291174377660661,647
2.766802237844273,1.364955770669842,764
2.766802237844273,1.438737163679022,928
2.766802237844273,1.512518556688203,1158
2.766802237844273,1.586299949697384,1494
2.766802237844273,1.660081342706564,1643
2.766802237844273,1.733862735715745,2242
2.766802237844273,1.807644128724925,2472
2.766802237844273,1.881425521734106,2956
2.766802237844273,1.955206914743287,3373
2.766802237844273,2.028988307752467,3786
2.766802237844273,2.102769700761648,4033
2.766802237844273,2.176551093770828,4156
2.766802237844273,2.250332486780009,4140
2.766802237844273,2.32411387978919,3683
2.766802237844273,2.397895272798371,3152
2.766802237844273,2.471676665807551,2564
2.766802237844273,2.545458058816732,2127
2.766802237844273,2.619239451825912,1667
2.766802237844273,2.693020844835093,1278
2.766802237844273,2.766802237844273,916
2.766802237844273,2.840583630853454,714
2.766802237844273,2.914365023862634,541
2.766802237844273,2.988146416871816,358
2.766802237844273,3.061927809880996,263
2.766802237844273,3.135709202890177,186
2.766802237844273,3.209490595899357,117
2.766802237844273,3.283271988908538,72
2.766802237844273,3.357053381917718,56
2.766802237844273,3.430834774926899,47
2.766802237844273,3.50461616793608,30
2.766802237844273,3.578397560945261,19
2.766802237844273,3.652178953954441,12
2.766802237844273,3.725960346963622,13
2.766802237844273,3.799741739972802,4
2.766802237844273,3.873523132981983,1
2.766802237844273,3.947304525991163,2
2.766802237844273,4.094867312009525,1
2.840583630853454,0.0368906965045903,77
2.840583630853454,0.1106720895137709,13
2.840583630853454,0.1844534825229515,18
2.840583630853454,0.2582348755321322,20
2.840583630853454,0.3320162685413128,23
2.840583630853454,0.4057976615504934,41
2.840583630853454,0.4795790545596741,39
2.840583630853454,0.5533604475688547,39
2.840583630853454,0.6271418405780353,45
2.840583630853454,0.700923233587216,47
2.840583630853454,0.7747046265963966,72
2.840583630853454,0.8484860196055772,87
2.840583630853454,0.922267412614758,105
2.840583630853454,0.9960488056239384,109
2.840583630853454,1.069830198633119,159
2.840583630853454,1.1436115916423,179
2.840583630853454,1.21739298465148,249
2.840583630853454,1.291174377660661,311
2.840583630853454,1.364955770669842,381
2.840583630853454,1.438737163679022,463
2.840583630853454,1.512518556688203,530
2.840583630853454,1.586299949697384,682
2.840583630853454,1.660081342706564,909
2.840583630853454,1.733862735715745,966
2.840583630853454,1.807644128724925,1367
2.840583630853454,1.881425521734106,1542
2.840583630853454,1.955206914743287,1683
2.840583630853454,2.028988307752467,2130
2.840583630853454,2.102769700761648,2281
2.840583630853454,2.176551093770828,2401
2.840583630853454,2.250332486780009,2422
2.840583630853454,2.32411387978919,2371
2.840583630853454,2.397895272798371,2086
2.840583630853454,2.471676665807551,1733
2.840583630853454,2.545458058816732,1509
2.840583630853454,2.619239451825912,1193
2.840583630853454,2.693020844835093,898
2.840583630853454,2.766802237844273,678
2.840583630853454,2.840583630853454,517
2.840583630853454,2.914365023862634,374
2.840583630853454,2.988146416871816,284
2.840583630853454,3.061927809880996,196
2.840583630853454,3.135709202890177,151
2.840583630853454,3.209490595899357,76
2.840583630853454,3.283271988908538,74
2.840583630853454,3.357053381917718,50
2.840583630853454,3.430834774926899,33
2.840583630853454,3.50461616793608,24
2.840583630853454,3.578397560945261,12
2.840583630853454,3.652178953954441,7
2.840583630853454,3.725960346963622,6
2.840583630853454,3.799741739972802,4
2.840583630853454,3.873523132981983,4
2.840583630853454,4.021085919000344,1
2.840583630853454,4.094867312009525,2
2.840583630853454,4.389992884046247,1
2.840583630853454,4.463774277055428,1
2.840583630853454,4.68511845608297,1
2.914365023862634,0.0368906965045903,82
2.914365023862634,0.1106720895137709,15
2.914365023862634,0.1844534825229515,15
2.914365023862634,0.2582348755321322,15
2.914365023862634,0.3320162685413128,17
2.914365023862634,0.4057976615504934,30
2.914365023862634,0.4795790545596741,34
2.914365023862634,0.5533604475688547,41
2.914365023862634,0.6271418405780353,49
2.914365023862634,0.700923233587216,64
2.914365023862634,0.7747046265963966,79
2.914365023862634,0.8484860196055772,67
2.914365023862634,0.922267412614758,92
2.914365023862634,0.9960488056239384,104
2.914365023862634,1.069830198633119,126
2.914365023862634,1.1436115916423,168
2.914365023862634,1.21739298465148,220
2.914365023862634,1.291174377660661,323
2.914365023862634,1.364955770669842,346
2.914365023862634,1.438737163679022,453
2.914365023862634,1.512518556688203,530
2.914365023862634,1.586299949697384,624
2.914365023862634,1.660081342706564,843
2.914365023862634,1.733862735715745,1091
2.914365023862634,1.807644128724925,1343
2.914365023862634,1.881425521734106,1560
2.914365023862634,1.955206914743287,1932
2.914365023862634,2.028988307752467,2227
2.914365023862634,2.102769700761648,2579
2.914365023862634,2.176551093770828,2883
2.914365023862634,2.250332486780009,2836
2.914365023862634,2.32411387978919,2868
2.914365023862634,2.397895272798371,2770
2.914365023862634,2.471676665807551,2405
2.914365023862634,2.545458058816732,2048
2.914365023862634,2.619239451825912,1627
2.914365023862634,2.693020844835093,1379
2.914365023862634,2.766802237844273,1022
2.914365023862634,2.840583630853454,825
2.914365023862634,2.914365023862634,597
2.914365023862634,2.988146416871816,481
2.914365023862634,3.061927809880996,308
2.914365023862634,3.135709202890177,206
2.914365023862634,3.209490595899357,161
2.914365023862634,3.283271988908538,94
2.914365023862634,3.357053381917718,65
2.914365023862634,3.430834774926899,48
2.914365023862634,3.50461616793608,41
2.914365023862634,3.578397560945261,25
2.914365023862634,3.652178953954441,18
2.914365023862634,3.725960346963622,4
2.914365023862634,3.799741739972802,4
2.914365023862634,3.873523132981983,4
2.914365023862634,4.021085919000344,3
2.914365023862634,4.094867312009525,1
2.914365023862634,4.168648705018706,2
2.914365023862634,4.242430098027887,3
2.914365023862634,4.316211491037066,1
2.914365023862634,4.463774277055428,1
2.988146416871816,0.0368906965045903,67
2.988146416871816,0.1106720895137709,15
2.988146416871816,0.1844534825229515,14
2.988146416871816,0.2582348755321322,8
2.988146416871816,0.3320162685413128,11
2.988146416871816,0.4057976615504934,15
2.988146416871816,0.4795790545596741,23
2.988146416871816,0.5533604475688547,39
2.988146416871816,0.6271418405780353,41
2.988146416871816,0.700923233587216,45
2.988146416871816,0.7747046265963966,46
2.988146416871816,0.8484860196055772,52
2.988146416871816,0.922267412614758,57
2.988146416871816,0.9960488056239384,72
2.988146416871816,1.069830198633119,94
2.988146416871816,1.1436115916423,137
2.988146416871816,1.21739298465148,127
2.988146416871816,1.291174377660661,173
2.988146416871816,1.364955770669842,229
2.988146416871816,1.438737163679022,312
2.988146416871816,1.512518556688203,382
2.988146416871816,1.586299949697384,491
2.988146416871816,1.660081342706564,554
2.988146416871816,1.733862735715745,753
2.988146416871816,1.807644128724925,857
2.988146416871816,1.881425521734106,1167
2.988146416871816,1.955206914743287,1296
2.988146416871816,2.028988307752467,1638
2.988146416871816,2.102769700761648,1964
2.988146416871816,2.176551093770828,2184
2.988146416871816,2.250332486780009,2268
2.988146416871816,2.32411387978919,2369
2.988146416871816,2.397895272798371,2365
2.988146416871816,2.471676665807551,2207
2.988146416871816,2.545458058816732,1856
2.988146416871816,2.619239451825912,1600
2.988146416871816,2.693020844835093,1329
2.988146416871816,2.766802237844273,1027
2.988146416871816,2.840583630853454,821
2.988146416871816,2.914365023862634,606
2.988146416871816,2.988146416871816,491
2.988146416871816,3.061927809880996,364
2.988146416871816,3.135709202890177,251
2.988146416871816,3.209490595899357,167
2.988146416871816,3.283271988908538,87
2.988146416871816,3.357053381917718,80
2.988146416871816,3.430834774926899,45
2.988146416871816,3.50461616793608,28
2.988146416871816,3.578397560945261,23
2.988146416871816,3.652178953954441,14
2.988146416871816,3.725960346963622,13
2.988146416871816,3.799741739972802,8
2.988146416871816,3.873523132981983,2
2.988146416871816,3.947304525991163,4
2.988146416871816,4.021085919000344,3
2.988146416871816,4.094867312009525,2
2.988146416871816,4.168648705018706,1
2.988146416871816,4.242430098027887,1
2.988146416871816,4.316211491037066,1
3.061927809880996,0.0368906965045903,70
3.061927809880996,0.1106720895137709,9
3.061927809880996,0.1844534825229515,9
3.061927809880996,0.2582348755321322,9
3.061927809880996,0.3320162685413128,9
3.061927809880996,0.4057976615504934,18
3.061927809880996,0.4795790545596741,17
3.061927809880996,0.5533604475688547,29
3.061927809880996,0.6271418405780353,27
3.061927809880996,0.700923233587216,35
3.061927809880996,0.7747046265963966,44
3.061927809880996,0.8484860196055772,29
3.061927809880996,0.922267412614758,48
3.061927809880996,0.9960488056239384,49
3.061927809880996,1.069830198633119,75
3.061927809880996,1.1436115916423,110
3.061927809880996,1.21739298465148,92
3.061927809880996,1.291174377660661,151
3.061927809880996,1.364955770669842,162
3.061927809880996,1.438737163679022,216
3.061927809880996,1.512518556688203,251
3.061927809880996,1.586299949697384,320
3.061927809880996,1.660081342706564,352
3.061927809880996,1.733862735715745,496
3.061927809880996,1.807644128724925,619
3.061927809880996,1.881425521734106,775
3.061927809880996,1.955206914743287,990
3.061927809880996,2.028988307752467,1235
3.061927809880996,2.102769700761648,1398
3.061927809880996,2.176551093770828,1634
3.061927809880996,2.250332486780009,1871
3.061927809880996,2.32411387978919,1874
3.061927809880996,2.397895272798371,1978
3.061927809880996,2.471676665807551,1940
3.061927809880996,2.545458058816732,1726
3.061927809880996,2.619239451825912,1504
3.061927809880996,2.693020844835093,1241
3.061927809880996,2.766802237844273,1016
3.061927809880996,2.840583630853454,846
3.061927809880996,2.914365023862634,640
3.061927809880996,2.988146416871816,484
3.061927809880996,3.061927809880996,353
3.061927809880996,3.135709202890177,242
3.061927809880996,3.209490595899357,187
3.061927809880996,3.283271988908538,122
3.061927809880996,3.357053381917718,73
3.061927809880996,3.430834774926899,70
3.061927809880996,3.50461616793608,39
3.061927809880996,3.578397560945261,29
3.061927809880996,3.652178953954441,15
3.061927809880996,3.725960346963622,15
3.061927809880996,3.799741739972802,9
3.061927809880996,3.873523132981983,5
3.061927809880996,3.947304525991163,3
3.061927809880996,4.094867312009525,1
3.061927809880996,4.168648705018706,2
3.135709202890177,0.0368906965045903,48
3.135709202890177,0.1106720895137709,7
3.135709202890177,0.1844534825229515,4
3.135709202890177,0.2582348755321322,6
3.135709202890177,0.3320162685413128,8
3.135709202890177,0.4057976615504934,11
3.135709202890177,0.4795790545596741,8
3.135709202890177,0.5533604475688547,11
3.135709202890177,0.6271418405780353,15
3.135709202890177,0.700923233587216,23
3.135709202890177,0.7747046265963966,29
3.135709202890177,0.8484860196055772,27
3.135709202890177,0.922267412614758,37
3.135709202890177,0.9960488056239384,44
3.135709202890177,1.069830198633119,44
3.135709202890177,1.1436115916423,63
3.135709202890177,1.21739298465148,69
3.135709202890177,1.291174377660661,96
3.135709202890177,1.364955770669842,105
3.135709202890177,1.438737163679022,133
3.135709202890177,1.512518556688203,184
3.135709202890177,1.586299949697384,195
3.135709202890177,1.660081342706564,273
3.135709202890177,1.733862735715745,343
3.135709202890177,1.807644128724925,404
3.135709202890177,1.881425521734106,561
3.135709202890177,1.955206914743287,666
3.135709202890177,2.028988307752467,809
3.135709202890177,2.102769700761648,1050
3.135709202890177,2.176551093770828,1226
3.135709202890177,2.250332486780009,1439
3.135709202890177,2.32411387978919,1569
3.135709202890177,2.397895272798371,1620
3.135709202890177,2.471676665807551,1725
3.135709202890177,2.545458058816732,1578
3.135709202890177,2.619239451825912,1424
3.135709202890177,2.693020844835093,1162
3.135709202890177,2.766802237844273,994
3.135709202890177,2.840583630853454,843
3.135709202890177,2.914365023862634,665
3.135709202890177,2.988146416871816,505
3.135709202890177,3.061927809880996,337
3.135709202890177,3.135709202890177,256
3.135709202890177,3.209490595899357,198
3.135709202890177,3.283271988908538,113
3.135709202890177,3.357053381917718,98
3.135709202890177,3.430834774926899,60
3.135709202890177,3.50461616793608,34
3.135709202890177,3.578397560945261,21
3.135709202890177,3.652178953954441,17
3.135709202890177,3.725960346963622,9
3.135709202890177,3.799741739972802,6
3.135709202890177,3.873523132981983,7
3.135709202890177,3.947304525991163,1
3.135709202890177,4.021085919000344,4
3.135709202890177,4.094867312009525,1
3.135709202890177,4.168648705018706,3
3.209490595899357,0.0368906965045903,66
3.209490595899357,0.1106720895137709,8
3.209490595899357,0.1844534825229515,11
3.209490595899357,0.2582348755321322,9
3.209490595899357,0.3320162685413128,10
3.209490595899357,0.4057976615504934,9
3.209490595899357,0.4795790545596741,12
3.209490595899357,0.5533604475688547,13
3.209490595899357,0.6271418405780353,17
3.209490595899357,0.700923233587216,20
3.209490595899357,0.7747046265963966,15
3.209490595899357,0.8484860196055772,25
3.209490595899357,0.922267412614758,36
3.209490595899357,0.9960488056239384,30
3.209490595899357,1.069830198633119,41
3.209490595899357,1.1436115916423,48
3.209490595899357,1.21739298465148,63
3.209490595899357,1.291174377660661,87
3.209490595899357,1.364955770669842,88
3.209490595899357,1.438737163679022,134
3.209490595899357,1.512518556688203,130
3.209490595899357,1.586299949697384,176
3.209490595899357,1.660081342706564,236
3.209490595899357,1.733862735715745,258
3.209490595899357,1.807644128724925,370
3.209490595899357,1.881425521734106,454
3.209490595899357,1.955206914743287,553
3.209490595899357,2.028988307752467,746
3.209490595899357,2.102769700761648,905
3.209490595899357,2.176551093770828,1074
3.209490595899357,2.250332486780009,1332
3.209490595899357,2.32411387978919,1531
3.209490595899357,2.397895272798371,1562
3.209490595899357,2.471676665807551,1650
3.209490595899357,2.545458058816732,1690
3.209490595899357,2.619239451825912,1649
3.209490595899357,2.693020844835093,1433
3.209490595899357,2.766802237844273,1193
3.209490595899357,2.840583630853454,1005
3.209490595899357,2.914365023862634,830
3.209490595899357,2.988146416871816,654
3.209490595899357,3.061927809880996,487
3.209490595899357,3.135709202890177,355
3.209490595899357,3.209490595899357,253
3.209490595899357,3.283271988908538,182
3.209490595899357,3.357053381917718,120
3.209490595899357,3.430834774926899,92
3.209490595899357,3.50461616793608,58
3.209490595899357,3.578397560945261,42
3.209490595899357,3.652178953954441,29
3.209490595899357,3.725960346963622,12
3.209490595899357,3.799741739972802,15
3.209490595899357,3.873523132981983,8
3.209490595899357,3.947304525991163,5
3.209490595899357,4.021085919000344,2
3.209490595899357,4.094867312009525,1
3.209490595899357,4.168648705018706,3
3.209490595899357,4.242430098027887,2
3.209490595899357,4.611337063073789,1
3.283271988908538,0.0368906965045903,26
3.283271988908538,0.1106720895137709,2
3.283271988908538,0.1844534825229515,4
3.283271988908538,0.2582348755321322,4
3.283271988908538,0.3320162685413128,7
3.283271988908538,0.4057976615504934,4
3.283271988908538,0.4795790545596741,13
3.283271988908538,0.5533604475688547,11
3.283271988908538,0.6271418405780353,19
3.283271988908538,0.700923233587216,15
3.283271988908538,0.7747046265963966,13
3.283271988908538,0.8484860196055772,21
3.283271988908538,0.922267412614758,18
3.283271988908538,0.9960488056239384,31
3.283271988908538,1.069830198633119,25
3.283271988908538,1.1436115916423,35
3.283271988908538,1.21739298465148,34
3.283271988908538,1.291174377660661,41
3.283271988908538,1.364955770669842,74
3.283271988908538,1.438737163679022,75
3.283271988908538,1.512518556688203,87
3.283271988908538,1.586299949697384,132
3.283271988908538,1.660081342706564,162
3.283271988908538,1.733862735715745,180
3.283271988908538,1.807644128724925,217
3.283271988908538,1.881425521734106,270
3.283271988908538,1.955206914743287,374
3.283271988908538,2.028988307752467,487
3.283271988908538,2.102769700761648,575
3.283271988908538,2.176551093770828,725
3.283271988908538,2.250332486780009,870
3.283271988908538,2.32411387978919,1065
3.283271988908538,2.397895272798371,1226
3.283271988908538,2.471676665807551,1274
3.283271988908538,2.545458058816732,1363
3.283271988908538,2.619239451825912,1356
3.283271988908538,2.693020844835093,1322
3.283271988908538,2.766802237844273,1223
3.283271988908538,2.840583630853454,999
3.283271988908538,2.914365023862634,814
3.283271988908538,2.988146416871816,626
3.283271988908538,3.061927809880996,476
3.283271988908538,3.135709202890177,348
3.283271988908538,3.209490595899357,289
3.283271988908538,3.283271988908538,187
3.283271988908538,3.357053381917718,109
3.283271988908538,3.430834774926899,76
3.283271988908538,3.50461616793608,71
3.283271988908538,3.578397560945261,53
3.283271988908538,3.652178953954441,21
3.283271988908538,3.725960346963622,15
3.283271988908538,3.799741739972802,14
3.283271988908538,3.873523132981983,6
3.283271988908538,3.947304525991163,7
3.283271988908538,4.021085919000344,3
3.283271988908538,4.168648705018706,2
3.283271988908538,4.242430098027887,1
3.357053381917718,0.0368906965045903,32
3.357053381917718,0.1106720895137709,3
3.357053381917718,0.1844534825229515,1
3.357053381917718,0.2582348755321322,6
3.357053381917718,0.3320162685413128,3
3.357053381917718,0.4057976615504934,3
3.357053381917718,0.4795790545596741,5
3.357053381917718,0.5533604475688547,10
3.357053381917718,0.6271418405780353,7
3.357053381917718,0.700923233587216,8
3.357053381917718,0.7747046265963966,13
3.357053381917718,0.8484860196055772,13
3.357053381917718,0.922267412614758,12
3.357053381917718,0.9960488056239384,16
3.357053381917718,1.069830198633119,21
3.357053381917718,1.1436115916423,19
3.357053381917718,1.21739298465148,21
3.357053381917718,1.291174377660661,31
3.357053381917718,1.364955770669842,35
3.357053381917718,1.438737163679022,50
3.357053381917718,1.512518556688203,58
3.357053381917718,1.586299949697384,69
3.357053381917718,1.660081342706564,106
3.357053381917718,1.733862735715745,136
3.357053381917718,1.807644128724925,138
3.357053381917718,1.881425521734106,207
3.357053381917718,1.955206914743287,245
3.357053381917718,2.028988307752467,309
3.357053381917718,2.102769700761648,360
3.357053381917718,2.176551093770828,483
3.357053381917718,2.250332486780009,579
3.357053381917718,2.32411387978919,750
3.357053381917718,2.397895272798371,825
3.357053381917718,2.471676665807551,941
3.357053381917718,2.545458058816732,1100
3.357053381917718,2.619239451825912,1063
3.357053381917718,2.693020844835093,1074
3.357053381917718,2.766802237844273,976
3.357053381917718,2.840583630853454,947
3.357053381917718,2.914365023862634,745
3.357053381917718,2.988146416871816,611
3.357053381917718,3.061927809880996,478
3.357053381917718,3.135709202890177,374
3.357053381917718,3.209490595899357,261
3.357053381917718,3.283271988908538,191
3.357053381917718,3.357053381917718,139
3.357053381917718,3.430834774926899,94
3.357053381917718,3.50461616793608,68
3.357053381917718,3.578397560945261,38
3.357053381917718,3.652178953954441,28
3.357053381917718,3.725960346963622,17
3.357053381917718,3.799741739972802,7
3.357053381917718,3.873523132981983,7
3.357053381917718,3.947304525991163,8
3.357053381917718,4.021085919000344,5
3.357053381917718,4.168648705018706,5
3.357053381917718,4.242430098027887,1
3.357053381917718,4.316211491037066,1
3.430834774926899,0.0368906965045903,37
3.430834774926899,0.1106720895137709,5
3.430834774926899,0.1844534825229515,1
3.430834774926899,0.2582348755321322,4
3.430834774926899,0.3320162685413128,8
3.430834774926899,0.4057976615504934,4
3.430834774926899,0.4795790545596741,9
3.430834774926899,0.5533604475688547,9
3.430834774926899,0.6271418405780353,8
3.430834774926899,0.700923233587216,13
3.430834774926899,0.7747046265963966,11
3.430834774926899,0.8484860196055772,5
3.430834774926899,0.922267412614758,12
3.430834774926899,0.9960488056239384,10
3.430834774926899,1.069830198633119,20
3.430834774926899,1.1436115916423,13
3.430834774926899,1.21739298465148,14
3.430834774926899,1.291174377660661,21
3.430834774926899,1.364955770669842,36
3.430834774926899,1.438737163679022,43
3.430834774926899,1.512518556688203,49
3.430834774926899,1.586299949697384,72
3.430834774926899,1.660081342706564,52
3.430834774926899,1.733862735715745,97
3.430834774926899,1.807644128724925,138
3.430834774926899,1.881425521734106,151
3.430834774926899,1.955206914743287,177
3.430834774926899,2.028988307752467,255
3.430834774926899,2.102769700761648,291
3.430834774926899,2.176551093770828,372
3.430834774926899,2.250332486780009,448
3.430834774926899,2.32411387978919,619
3.430834774926899,2.397895272798371,694
3.430834774926899,2.471676665807551,782
3.430834774926899,2.545458058816732,910
3.430834774926899,2.619239451825912,1022
3.430834774926899,2.693020844835093,999
3.430834774926899,2.766802237844273,1026
3.430834774926899,2.840583630853454,902
3.430834774926899,2.914365023862634,875
3.430834774926899,2.988146416871816,744
3.430834774926899,3.061927809880996,528
3.430834774926899,3.135709202890177,406
3.430834774926899,3.209490595899357,347
3.430834774926899,3.283271988908538,232
3.430834774926899,3.357053381917718,177
3.430834774926899,3.430834774926899,113
3.430834774926899,3.50461616793608,87
3.430834774926899,3.578397560945261,62
3.430834774926899,3.652178953954441,39
3.430834774926899,3.725960346963622,16
3.430834774926899,3.799741739972802,17
3.430834774926899,3.873523132981983,5
3.430834774926899,3.947304525991163,5
3.430834774926899,4.021085919000344,7
3.430834774926899,4.168648705018706,1
3.430834774926899,4.242430098027887,1
3.430834774926899,4.316211491037066,1
3.430834774926899,4.389992884046247,1
3.50461616793608,0.0368906965045903,17
3.50461616793608,0.1106720895137709,1
3.50461616793608,0.1844534825229515,1
3.50461616793608,0.2582348755321322,1
3.50461616793608,0.3320162685413128,4
3.50461616793608,0.4057976615504934,3
3.50461616793608,0.4795790545596741,3
3.50461616793608,0.5533604475688547,14
3.50461616793608,0.6271418405780353,3
3.50461616793608,0.700923233587216,12
3.50461616793608,0.7747046265963966,4
3.50461616793608,0.8484860196055772,7
3.50461616793608,0.922267412614758,5
3.50461616793608,0.9960488056239384,9
3.50461616793608,1.069830198633119,13
3.50461616793608,1.1436115916423,7
3.50461616793608,1.21739298465148,8
3.50461616793608,1.291174377660661,17
3.50461616793608,1.364955770669842,28
3.50461616793608,1.438737163679022,27
3.50461616793608,1.512518556688203,23
3.50461616793608,1.586299949697384,48
3.50461616793608,1.660081342706564,58
3.50461616793608,1.733862735715745,52
3.50461616793608,1.807644128724925,82
3.50461616793608,1.881425521734106,119
3.50461616793608,1.955206914743287,103
3.50461616793608,2.028988307752467,147
3.50461616793608,2.102769700761648,177
3.50461616793608,2.176551093770828,239
3.50461616793608,2.250332486780009,278
3.50461616793608,2.32411387978919,325
3.50461616793608,2.397895272798371,496
3.50461616793608,2.471676665807551,546
3.50461616793608,2.545458058816732,635
3.50461616793608,2.619239451825912,699
3.50461616793608,2.693020844835093,780
3.50461616793608,2.766802237844273,775
3.50461616793608,2.840583630853454,765
3.50461616793608,2.914365023862634,733
3.50461616793608,2.988146416871816,633
3.50461616793608,3.061927809880996,467
3.50461616793608,3.135709202890177,404
3.50461616793608,3.209490595899357,365
3.50461616793608,3.283271988908538,217
3.50461616793608,3.357053381917718,179
3.50461616793608,3.430834774926899,136
3.50461616793608,3.50461616793608,82
3.50461616793608,3.578397560945261,54
3.50461616793608,3.652178953954441,43
3.50461616793608,3.725960346963622,33
3.50461616793608,3.799741739972802,12
3.50461616793608,3.873523132981983,15
3.50461616793608,3.947304525991163,8
3.50461616793608,4.021085919000344,4
3.50461616793608,4.168648705018706,2
3.50461616793608,4.537555670064609,1
3.578397560945261,0.0368906965045903,18
3.578397560945261,0.1106720895137709,5
3.578397560945261,0.2582348755321322,1
3.578397560945261,0.3320162685413128,1
3.578397560945261,0.4057976615504934,3
3.578397560945261,0.4795790545596741,4
3.578397560945261,0.5533604475688547,6
3.578397560945261,0.6271418405780353,2
3.578397560945261,0.700923233587216,4
3.578397560945261,0.7747046265963966,10
3.578397560945261,0.8484860196055772,5
3.578397560945261,0.922267412614758,7
3.578397560945261,0.9960488056239384,3
3.578397560945261,1.069830198633119,7
3.578397560945261,1.1436115916423,11
3.578397560945261,1.21739298465148,9
3.578397560945261,1.291174377660661,9
3.578397560945261,1.364955770669842,15
3.578397560945261,1.438737163679022,13
3.578397560945261,1.512518556688203,19
3.578397560945261,1.586299949697384,17
3.578397560945261,1.660081342706564,24
3.578397560945261,1.733862735715745,39
3.578397560945261,1.807644128724925,40
3.578397560945261,1.881425521734106,63
3.578397560945261,1.955206914743287,77
3.578397560945261,2.028988307752467,95
3.578397560945261,2.102769700761648,118
3.578397560945261,2.176551093770828,142
3.578397560945261,2.250332486780009,168
3.578397560945261,2.32411387978919,253
3.578397560945261,2.397895272798371,284
3.578397560945261,2.471676665807551,329
3.578397560945261,2.545458058816732,407
3.578397560945261,2.619239451825912,467
3.578397560945261,2.693020844835093,550
3.578397560945261,2.766802237844273,621
3.578397560945261,2.840583630853454,603
3.578397560945261,2.914365023862634,616
3.578397560945261,2.988146416871816,578
3.578397560945261,3.061927809880996,467
3.578397560945261,3.135709202890177,430
3.578397560945261,3.209490595899357,333
3.578397560945261,3.283271988908538,243
3.578397560945261,3.357053381917718,204
3.578397560945261,3.430834774926899,106
3.578397560945261,3.50461616793608,95
3.578397560945261,3.578397560945261,69
3.578397560945261,3.652178953954441,38
3.578397560945261,3.725960346963622,24
3.578397560945261,3.799741739972802,11
3.578397560945261,3.873523132981983,9
3.578397560945261,3.947304525991163,10
3.578397560945261,4.021085919000344,9
3.578397560945261,4.094867312009525,2
3.578397560945261,4.168648705018706,3
3.578397560945261,4.242430098027887,1
3.578397560945261,4.611337063073789,1
3.578397560945261,4.68511845608297,1
3.652178953954441,0.0368906965045903,15
3.652178953954441,0.1106720895137709,2
3.652178953954441,0.1844534825229515,4
3.652178953954441,0.4057976615504934,4
3.652178953954441,0.4795790545596741,4
3.652178953954441,0.5533604475688547,5
3.652178953954441,0.6271418405780353,4
3.652178953954441,0.700923233587216,2
3.652178953954441,0.7747046265963966,2
3.652178953954441,0.8484860196055772,6
3.652178953954441,0.922267412614758,2
3.652178953954441,0.9960488056239384,10
3.652178953954441,1.069830198633119,3
3.652178953954441,1.1436115916423,3
3.652178953954441,1.21739298465148,5
3.652178953954441,1.291174377660661,7
3.652178953954441,1.364955770669842,13
3.652178953954441,1.438737163679022,14
3.652178953954441,1.512518556688203,13
3.652178953954441,1.586299949697384,11
3.652178953954441,1.660081342706564,21
3.652178953954441,1.733862735715745,23
3.652178953954441,1.807644128724925,44
3.652178953954441,1.881425521734106,44
3.652178953954441,1.955206914743287,62
3.652178953954441,2.028988307752467,81
3.652178953954441,2.102769700761648,82
3.652178953954441,2.176551093770828,111
3.652178953954441,2.250332486780009,134
3.652178953954441,2.32411387978919,166
3.652178953954441,2.397895272798371,235
3.652178953954441,2.471676665807551,283
3.652178953954441,2.545458058816732,342
3.652178953954441,2.619239451825912,397
3.652178953954441,2.693020844835093,454
3.652178953954441,2.766802237844273,522
3.652178953954441,2.840583630853454,513
3.652178953954441,2.914365023862634,549
3.652178953954441,2.988146416871816,551
3.652178953954441,3.061927809880996,495
3.652178953954441,3.135709202890177,402
3.652178953954441,3.209490595899357,339
3.652178953954441,3.283271988908538,310
3.652178953954441,3.357053381917718,241
3.652178953954441,3.430834774926899,175
3.652178953954441,3.50461616793608,121
3.652178953954441,3.578397560945261,90
3.652178953954441,3.652178953954441,56
3.652178953954441,3.725960346963622,34
3.652178953954441,3.799741739972802,19
3.652178953954441,3.873523132981983,11
3.652178953954441,3.947304525991163,7
3.652178953954441,4.021085919000344,4
3.652178953954441,4.094867312009525,5
3.652178953954441,4.168648705018706,2
3.652178953954441,4.389992884046247,1
3.652178953954441,4.68511845608297,1
3.725960346963622,0.0368906965045903,7
3.725960346963622,0.1106720895137709,1
3.725960346963622,0.4057976615504934,2
3.725960346963622,0.4795790545596741,6
3.725960346963622,0.5533604475688547,2
3.725960346963622,0.6271418405780353,2
3.725960346963622,0.700923233587216,1
3.725960346963622,0.7747046265963966,7
3.725960346963622,0.922267412614758,3
3.725960346963622,0.9960488056239384,7
3.725960346963622,1.069830198633119,1
3.725960346963622,1.1436115916423,6
3.725960346963622,1.21739298465148,2
3.725960346963622,1.291174377660661,4
3.725960346963622,1.364955770669842,6
3.725960346963622,1.438737163679022,6
3.725960346963622,1.512518556688203,3
3.725960346963622,1.586299949697384,4
3.725960346963622,1.660081342706564,16
3.725960346963622,1.733862735715745,14
3.725960346963622,1.807644128724925,13
3.725960346963622,1.881425521734106,19
3.725960346963622,1.955206914743287,36
3.725960346963622,2.028988307752467,37
3.725960346963622,2.102769700761648,63
3.725960346963622,2.176551093770828,70
3.725960346963622,2.250332486780009,90
3.725960346963622,2.32411387978919,86
3.725960346963622,2.397895272798371,128
3.725960346963622,2.471676665807551,152
3.725960346963622,2.545458058816732,217
3.725960346963622,2.619239451825912,260
3.725960346963622,2.693020844835093,294
3.725960346963622,2.766802237844273,407
3.725960346963622,2.840583630853454,390
3.725960346963622,2.914365023862634,374
3.725960346963622,2.988146416871816,439
3.725960346963622,3.061927809880996,407
3.725960346963622,3.135709202890177,374
3.725960346963622,3.209490595899357,337
3.725960346963622,3.283271988908538,291
3.725960346963622,3.357053381917718,218
3.725960346963622,3.430834774926899,160
3.725960346963622,3.50461616793608,107
3.725960346963622,3.578397560945261,91
3.725960346963622,3.652178953954441,52
3.725960346963622,3.725960346963622,47
3.725960346963622,3.799741739972802,20
3.725960346963622,3.873523132981983,11
3.725960346963622,3.947304525991163,7
3.725960346963622,4.021085919000344,8
3.725960346963622,4.168648705018706,1
3.725960346963622,4.242430098027887,2
3.725960346963622,4.389992884046247,1
3.725960346963622,4.68511845608297,1
3.799741739972802,0.0368906965045903,6
3.799741739972802,0.1106720895137709,1
3.799741739972802,0.3320162685413128,1
3.799741739972802,0.4795790545596741,1
3.799741739972802,0.6271418405780353,1
3.799741739972802,0.8484860196055772,2
3.799741739972802,0.9960488056239384,2
3.799741739972802,1.069830198633119,1
3.799741739972802,1.1436115916423,4
3.799741739972802,1.21739298465148,3
3.799741739972802,1.291174377660661,2
3.799741739972802,1.364955770669842,1
3.799741739972802,1.438737163679022,7
3.799741739972802,1.512518556688203,7
3.799741739972802,1.586299949697384,5
3.799741739972802,1.660081342706564,5
3.799741739972802,1.733862735715745,6
3.799741739972802,1.807644128724925,15
3.799741739972802,1.881425521734106,16
3.799741739972802,1.955206914743287,17
3.799741739972802,2.028988307752467,19
3.799741739972802,2.102769700761648,28
3.799741739972802,2.176551093770828,35
3.799741739972802,2.250332486780009,48
3.799741739972802,2.32411387978919,48
3.799741739972802,2.397895272798371,67
3.799741739972802,2.471676665807551,101
3.799741739972802,2.545458058816732,137
3.799741739972802,2.619239451825912,167
3.799741739972802,2.693020844835093,190
3.799741739972802,2.766802237844273,255
3.799741739972802,2.840583630853454,268
3.799741739972802,2.914365023862634,298
3.799741739972802,2.988146416871816,351
3.799741739972802,3.061927809880996,314
3.799741739972802,3.135709202890177,339
3.799741739972802,3.209490595899357,282
3.799741739972802,3.283271988908538,223
3.799741739972802,3.357053381917718,202
3.799741739972802,3.430834774926899,135
3.799741739972802,3.50461616793608,109
3.799741739972802,3.578397560945261,79
3.799741739972802,3.652178953954441,64
3.799741739972802,3.725960346963622,35
3.799741739972802,3.799741739972802,27
3.799741739972802,3.873523132981983,22
3.799741739972802,3.947304525991163,9
3.799741739972802,4.021085919000344,6
3.799741739972802,4.094867312009525,4
3.799741739972802,4.168648705018706,1
3.799741739972802,4.242430098027887,5
3.873523132981983,0.0368906965045903,5
3.873523132981983,0.1106720895137709,2
3.873523132981983,0.2582348755321322,2
3.873523132981983,0.5533604475688547,2
3.873523132981983,0.7747046265963966,2
3.873523132981983,0.8484860196055772,1
3.873523132981983,0.9960488056239384,3
3.873523132981983,1.1436115916423,3
3.873523132981983,1.21739298465148,2
3.873523132981983,1.291174377660661,1
3.873523132981983,1.364955770669842,1
3.873523132981983,1.438737163679022,5
3.873523132981983,1.512518556688203,4
3.873523132981983,1.586299949697384,8
3.873523132981983,1.660081342706564,9
3.873523132981983,1.733862735715745,9
3.873523132981983,1.807644128724925,4
3.873523132981983,1.881425521734106,7
3.873523132981983,1.955206914743287,10
3.873523132981983,2.028988307752467,15
3.873523132981983,2.102769700761648,12
3.873523132981983,2.176551093770828,36
3.873523132981983,2.250332486780009,26
3.873523132981983,2.32411387978919,32
3.873523132981983,2.397895272798371,48
3.873523132981983,2.471676665807551,59
3.873523132981983,2.545458058816732,86
3.873523132981983,2.619239451825912,111
3.873523132981983,2.693020844835093,129
3.873523132981983,2.766802237844273,173
3.873523132981983,2.840583630853454,197
3.873523132981983,2.914365023862634,250
3.873523132981983,2.988146416871816,293
3.873523132981983,3.061927809880996,276
3.873523132981983,3.135709202890177,265
3.873523132981983,3.209490595899357,272
3.873523132981983,3.283271988908538,210
3.873523132981983,3.357053381917718,188
3.873523132981983,3.430834774926899,168
3.873523132981983,3.50461616793608,126
3.873523132981983,3.578397560945261,84
3.873523132981983,3.652178953954441,62
3.873523132981983,3.725960346963622,47
3.873523132981983,3.799741739972802,23
3.873523132981983,3.873523132981983,17
3.873523132981983,3.947304525991163,9
3.873523132981983,4.021085919000344,2
3.873523132981983,4.094867312009525,4
3.873523132981983,4.168648705018706,3
3.873523132981983,4.242430098027887,1
3.873523132981983,4.316211491037066,2
3.873523132981983,4.537555670064609,1
3.947304525991163,0.0368906965045903,3
3.947304525991163,0.3320162685413128,1
3.947304525991163,0.700923233587216,1
3.947304525991163,0.7747046265963966,1
3.947304525991163,0.922267412614758,3
3.947304525991163,0.9960488056239384,2
3.947304525991163,1.1436115916423,3
3.947304525991163,1.21739298465148,1
3.947304525991163,1.291174377660661,1
3.947304525991163,1.364955770669842,1
3.947304525991163,1.438737163679022,3
3.947304525991163,1.586299949697384,1
3.947304525991163,1.660081342706564,3
3.947304525991163,1.733862735715745,6
3.947304525991163,1.807644128724925,4
3.947304525991163,1.881425521734106,6
3.947304525991163,1.955206914743287,4
3.947304525991163,2.028988307752467,8
3.947304525991163,2.102769700761648,4
3.947304525991163,2.176551093770828,14
3.947304525991163,2.250332486780009,20
3.947304525991163,2.32411387978919,25
3.947304525991163,2.397895272798371,37
3.947304525991163,2.471676665807551,38
3.947304525991163,2.545458058816732,53
3.947304525991163,2.619239451825912,58
3.947304525991163,2.693020844835093,62
3.947304525991163,2.766802237844273,117
3.947304525991163,2.840583630853454,136
3.947304525991163,2.914365023862634,166
3.947304525991163,2.988146416871816,190
3.947304525991163,3.061927809880996,190
3.947304525991163,3.135709202890177,240
3.947304525991163,3.209490595899357,217
3.947304525991163,3.283271988908538,215
3.947304525991163,3.357053381917718,177
3.947304525991163,3.430834774926899,169
3.947304525991163,3.50461616793608,125
3.947304525991163,3.578397560945261,115
3.947304525991163,3.652178953954441,62
3.947304525991163,3.725960346963622,48
3.947304525991163,3.799741739972802,50
3.947304525991163,3.873523132981983,19
3.947304525991163,3.947304525991163,12
3.947304525991163,4.021085919000344,6
3.947304525991163,4.094867312009525,6
3.947304525991163,4.168648705018706,3
3.947304525991163,4.242430098027887,3
3.947304525991163,4.316211491037066,1
4.021085919000344,0.0368906965045903,4
4.021085919000344,0.2582348755321322,1
4.021085919000344,0.922267412614758,1
4.021085919000344,1.069830198633119,1
4.021085919000344,1.1436115916423,1
4.021085919000344,1.364955770669842,1
4.021085919000344,1.438737163679022,1
4.021085919000344,1.512518556688203,2
4.021085919000344,1.586299949697384,2
4.021085919000344,1.660081342706564,2
4.021085919000344,1.807644128724925,1
4.021085919000344,1.881425521734106,9
4.021085919000344,1.955206914743287,2
4.021085919000344,2.028988307752467,6
4.021085919000344,2.102769700761648,4
4.021085919000344,2.176551093770828,6
4.021085919000344,2.250332486780009,15
4.021085919000344,2.32411387978919,9
4.021085919000344,2.397895272798371,15
4.021085919000344,2.471676665807551,29
4.021085919000344,2.545458058816732,28
4.021085919000344,2.619239451825912,45
4.021085919000344,2.693020844835093,54
4.021085919000344,2.766802237844273,57
4.021085919000344,2.840583630853454,74
4.021085919000344,2.914365023862634,109
4.021085919000344,2.988146416871816,118
4.021085919000344,3.061927809880996,135
4.021085919000344,3.135709202890177,146
4.021085919000344,3.209490595899357,150
4.021085919000344,3.283271988908538,169
4.021085919000344,3.357053381917718,133
4.021085919000344,3.430834774926899,146
4.021085919000344,3.50461616793608,121
4.021085919000344,3.578397560945261,90
4.021085919000344,3.652178953954441,78
4.021085919000344,3.725960346963622,67
4.021085919000344,3.799741739972802,32
4.021085919000344,3.873523132981983,26
4.021085919000344,3.947304525991163,13
4.021085919000344,4.021085919000344,8
4.021085919000344,4.094867312009525,1
4.021085919000344,4.168648705018706,1
4.021085919000344,4.242430098027887,3
4.094867312009525,0.0368906965045903,2
4.094867312009525,0.4057976615504934,1
4.094867312009525,0.7747046265963966,1
4.094867312009525,1.21739298465148,1
4.094867312009525,1.291174377660661,1
4.094867312009525,1.512518556688203,1
4.094867312009525,1.586299949697384,2
4.094867312009525,1.660081342706564,2
4.094867312009525,1.733862735715745,2
4.094867312009525,1.807644128724925,3
4.094867312009525,1.881425521734106,2
4.094867312009525,1.955206914743287,1
4.094867312009525,2.028988307752467,1
4.094867312009525,2.102769700761648,3
4.094867312009525,2.176551093770828,4
4.094867312009525,2.250332486780009,2
4.094867312009525,2.32411387978919,7
4.094867312009525,2.397895272798371,13
4.094867312009525,2.471676665807551,11
4.094867312009525,2.545458058816732,21
4.094867312009525,2.619239451825912,22
4.094867312009525,2.693020844835093,41
4.094867312009525,2.766802237844273,35
4.094867312009525,2.840583630853454,54
4.094867312009525,2.914365023862634,70
4.094867312009525,2.988146416871816,83
4.094867312009525,3.061927809880996,108
4.094867312009525,3.135709202890177,75
4.094867312009525,3.209490595899357,122
4.094867312009525,3.283271988908538,141
4.094867312009525,3.357053381917718,117
4.094867312009525,3.430834774926899,107
4.094867312009525,3.50461616793608,86
4.094867312009525,3.578397560945261,94
4.094867312009525,3.652178953954441,62
4.094867312009525,3.725960346963622,53
4.094867312009525,3.799741739972802,35
4.094867312009525,3.873523132981983,29
4.094867312009525,3.947304525991163,13
4.094867312009525,4.021085919000344,12
4.094867312009525,4.094867312009525,8
4.094867312009525,4.168648705018706,4
4.094867312009525,4.242430098027887,2
4.094867312009525,4.316211491037066,1
4.168648705018706,0.0368906965045903,4
4.168648705018706,0.1106720895137709,1
4.168648705018706,0.5533604475688547,2
4.168648705018706,0.700923233587216,1
4.168648705018706,0.7747046265963966,2
4.168648705018706,0.8484860196055772,2
4.168648705018706,1.21739298465148,1
4.168648705018706,1.438737163679022,2
4.168648705018706,1.660081342706564,1
4.168648705018706,1.733862735715745,1
4.168648705018706,1.807644128724925,1
4.168648705018706,1.955206914743287,3
4.168648705018706,2.028988307752467,1
4.168648705018706,2.102769700761648,1
4.168648705018706,2.176551093770828,1
4.168648705018706,2.250332486780009,2
4.168648705018706,2.32411387978919,3
4.168648705018706,2.397895272798371,6
4.168648705018706,2.471676665807551,4
4.168648705018706,2.545458058816732,9
4.168648705018706,2.619239451825912,7
4.168648705018706,2.693020844835093,15
4.168648705018706,2.766802237844273,26
4.168648705018706,2.840583630853454,24
4.168648705018706,2.914365023862634,30
4.168648705018706,2.988146416871816,31
4.168648705018706,3.061927809880996,50
4.168648705018706,3.135709202890177,49
4.168648705018706,3.209490595899357,60
4.168648705018706,3.283271988908538,91
4.168648705018706,3.357053381917718,90
4.168648705018706,3.430834774926899,92
4.168648705018706,3.50461616793608,89
4.168648705018706,3.578397560945261,74
4.168648705018706,3.652178953954441,54
4.168648705018706,3.725960346963622,49
4.168648705018706,3.799741739972802,25
4.168648705018706,3.873523132981983,17
4.168648705018706,3.947304525991163,20
4.168648705018706,4.021085919000344,8
4.168648705018706,4.094867312009525,4
4.168648705018706,4.168648705018706,2
4.168648705018706,4.242430098027887,3
4.242430098027887,0.0368906965045903,1
4.242430098027887,0.2582348755321322,1
4.242430098027887,0.4795790545596741,1
4.242430098027887,0.700923233587216,1
4.242430098027887,1.1436115916423,1
4.242430098027887,1.364955770669842,1
4.242430098027887,1.512518556688203,1
4.242430098027887,1.586299949697384,2
4.242430098027887,1.881425521734106,1
4.242430098027887,2.028988307752467,1
4.242430098027887,2.102769700761648,3
4.242430098027887,2.176551093770828,1
4.242430098027887,2.250332486780009,1
4.242430098027887,2.397895272798371,1
4.242430098027887,2.471676665807551,1
4.242430098027887,2.545458058816732,1
4.242430098027887,2.619239451825912,1
4.242430098027887,2.693020844835093,11
4.242430098027887,2.766802237844273,6
4.242430098027887,2.840583630853454,12
4.242430098027887,2.914365023862634,22
4.242430098027887,2.988146416871816,29
4.242430098027887,3.061927809880996,29
4.242430098027887,3.135709202890177,36
4.242430098027887,3.209490595899357,36
4.242430098027887,3.283271988908538,63
4.242430098027887,3.357053381917718,50
4.242430098027887,3.430834774926899,59
4.242430098027887,3.50461616793608,61
4.242430098027887,3.578397560945261,68
4.242430098027887,3.652178953954441,54
4.242430098027887,3.725960346963622,37
4.242430098027887,3.799741739972802,23
4.242430098027887,3.873523132981983,22
4.242430098027887,3.947304525991163,15
4.242430098027887,4.021085919000344,10
4.242430098027887,4.094867312009525,10
4.242430098027887,4.168648705018706,3
4.242430098027887,4.242430098027887,3
4.316211491037066,0.2582348755321322,1
4.316211491037066,1.364955770669842,1
4.316211491037066,1.512518556688203,1
4.316211491037066,1.586299949697384,1
4.316211491037066,1.733862735715745,1
4.316211491037066,1.955206914743287,1
4.316211491037066,2.176551093770828,1
4.316211491037066,2.545458058816732,3
4.316211491037066,2.693020844835093,3
4.316211491037066,2.766802237844273,4
4.316211491037066,2.840583630853454,6
4.316211491037066,2.914365023862634,9
4.316211491037066,2.988146416871816,14
4.316211491037066,3.061927809880996,31
4.316211491037066,3.135709202890177,31
4.316211491037066,3.209490595899357,23
4.316211491037066,3.283271988908538,40
4.316211491037066,3.357053381917718,46
4.316211491037066,3.430834774926899,46
4.316211491037066,3.50461616793608,38
4.316211491037066,3.578397560945261,44
4.316211491037066,3.652178953954441,47
4.316211491037066,3.725960346963622,30
4.316211491037066,3.799741739972802,36
4.316211491037066,3.873523132981983,21
4.316211491037066,3.947304525991163,14
4.316211491037066,4.021085919000344,9
4.316211491037066,4.094867312009525,7
4.316211491037066,4.168648705018706,1
4.316211491037066,4.242430098027887,1
4.316211491037066,4.316211491037066,2
4.389992884046247,0.3320162685413128,1
4.389992884046247,1.438737163679022,1
4.389992884046247,2.028988307752467,1
4.389992884046247,2.545458058816732,1
4.389992884046247,2.693020844835093,1
4.389992884046247,2.766802237844273,1
4.389992884046247,2.840583630853454,2
4.389992884046247,2.914365023862634,3
4.389992884046247,2.988146416871816,6
4.389992884046247,3.061927809880996,8
4.389992884046247,3.135709202890177,15
4.389992884046247,3.209490595899357,19
4.389992884046247,3.283271988908538,20
4.389992884046247,3.357053381917718,29
4.389992884046247,3.430834774926899,37
4.389992884046247,3.50461616793608,21
4.389992884046247,3.578397560945261,23
4.389992884046247,3.652178953954441,22
4.389992884046247,3.725960346963622,25
4.389992884046247,3.799741739972802,22
4.389992884046247,3.873523132981983,17
4.389992884046247,3.947304525991163,19
4.389992884046247,4.021085919000344,13
4.389992884046247,4.094867312009525,5
4.389992884046247,4.168648705018706,1
4.389992884046247,4.242430098027887,3
4.389992884046247,4.389992884046247,2
4.463774277055428,0.0368906965045903,1
4.463774277055428,0.4057976615504934,1
4.463774277055428,2.840583630853454,1
4.463774277055428,2.914365023862634,2
4.463774277055428,2.988146416871816,2
4.463774277055428,3.061927809880996,4
4.463774277055428,3.135709202890177,10
4.463774277055428,3.209490595899357,14
4.463774277055428,3.283271988908538,9
4.463774277055428,3.357053381917718,21
4.463774277055428,3.430834774926899,22
4.463774277055428,3.50461616793608,27
4.463774277055428,3.578397560945261,26
4.463774277055428,3.652178953954441,21
4.463774277055428,3.725960346963622,30
4.463774277055428,3.799741739972802,18
4.463774277055428,3.873523132981983,13
4.463774277055428,3.947304525991163,12
4.463774277055428,4.021085919000344,3
4.463774277055428,4.094867312009525,8
4.463774277055428,4.168648705018706,1
4.537555670064609,0.0368906965045903,1
4.537555670064609,3.135709202890177,2
4.537555670064609,3.209490595899357,3
4.537555670064609,3.283271988908538,6
4.537555670064609,3.357053381917718,9
4.537555670064609,3.430834774926899,11
4.537555670064609,3.50461616793608,10
4.537555670064609,3.578397560945261,14
4.537555670064609,3.652178953954441,15
4.537555670064609,3.725960346963622,20
4.537555670064609,3.799741739972802,15
4.537555670064609,3.873523132981983,14
4.537555670064609,3.947304525991163,9
4.537555670064609,4.021085919000344,3
4.537555670064609,4.094867312009525,4
4.537555670064609,4.168648705018706,2
4.611337063073789,0.0368906965045903,1
4.611337063073789,2.988146416871816,1
4.611337063073789,3.135709202890177,1
4.611337063073789,3.209490595899357,2
4.611337063073789,3.283271988908538,3
4.611337063073789,3.357053381917718,2
4.611337063073789,3.430834774926899,11
4.611337063073789,3.50461616793608,14
4.611337063073789,3.578397560945261,8
4.611337063073789,3.652178953954441,5
4.611337063073789,3.725960346963622,11
4.611337063073789,3.799741739972802,11
4.611337063073789,3.873523132981983,13
4.611337063073789,3.947304525991163,8
4.611337063073789,4.021085919000344,3
4.611337063073789,4.094867312009525,4
4.611337063073789,4.168648705018706,1
4.68511845608297,2.840583630853454,1
4.68511845608297,3.209490595899357,1
4.68511845608297,3.283271988908538,1
4.68511845608297,3.357053381917718,2
4.68511845608297,3.430834774926899,3
4.68511845608297,3.50461616793608,8
4.68511845608297,3.578397560945261,7
4.68511845608297,3.652178953954441,8
4.68511845608297,3.725960346963622,8
4.68511845608297,3.799741739972802,5
4.68511845608297,3.873523132981983,9
4.68511845608297,3.947304525991163,16
4.68511845608297,4.021085919000344,3
4.68511845608297,4.094867312009525,5
4.68511845608297,4.168648705018706,2
4.68511845608297,4.316211491037066,1
4.758899849092151,0.0368906965045903,1
4.758899849092151,2.988146416871816,1
4.758899849092151,3.061927809880996,1
4.758899849092151,3.357053381917718,1
4.758899849092151,3.50461616793608,9
4.758899849092151,3.578397560945261,12
4.758899849092151,3.652178953954441,2
4.758899849092151,3.725960346963622,4
4.758899849092151,3.799741739972802,4
4.758899849092151,3.873523132981983,6
4.758899849092151,3.947304525991163,7
4.758899849092151,4.021085919000344,3
